health_board,simd2020_decile,sex,all_ages,0,1,2,3,4,5,6,7,8,9,10,11,12,13,14,15,16,17,18,19,20,21,22,23,24,25,26,27,28,29,30,31,32,33,34,35,36,37,38,39,40,41,42,43,44,45,46,47,48,49,50,51,52,53,54,55,56,57,58,59,60,61,62,63,64,65,66,67,68,69,70,71,72,73,74,75,76,77,78,79,80,81,82,83,84,85,86,87,88,89,90+
Ayrshire and Arran,1,Persons,"48,974 ",558 ,492 ,548 ,601 ,579 ,540 ,555 ,579 ,571 ,625 ,560 ,563 ,566 ,626 ,517 ,577 ,533 ,503 ,494 ,548 ,560 ,560 ,741 ,665 ,667 ,662 ,681 ,703 ,707 ,716 ,695 ,698 ,749 ,637 ,630 ,641 ,523 ,541 ,548 ,539 ,561 ,576 ,465 ,474 ,514 ,520 ,551 ,641 ,606 ,650 ,707 ,680 ,704 ,716 ,666 ,719 ,786 ,697 ,653 ,719 ,682 ,654 ,653 ,623 ,619 ,570 ,545 ,587 ,536 ,503 ,511 ,529 ,507 ,550 ,391 ,387 ,366 ,353 ,336 ,306 ,345 ,272 ,237 ,216 ,168 ,154 ,145 ,122 ,137 ,88 ,279 
Ayrshire and Arran,2,Persons,"61,744 ",610 ,564 ,682 ,671 ,695 ,758 ,703 ,719 ,798 ,780 ,757 ,781 ,783 ,756 ,740 ,706 ,680 ,687 ,718 ,731 ,706 ,688 ,742 ,787 ,784 ,873 ,894 ,804 ,762 ,814 ,758 ,773 ,783 ,770 ,791 ,724 ,721 ,667 ,676 ,680 ,675 ,669 ,547 ,602 ,652 ,691 ,782 ,812 ,850 ,810 ,840 ,869 ,939 ,876 ,883 ,975 ,"1,023 ",888 ,864 ,794 ,842 ,903 ,825 ,818 ,768 ,712 ,672 ,729 ,644 ,649 ,610 ,618 ,708 ,705 ,530 ,491 ,497 ,463 ,422 ,390 ,415 ,365 ,336 ,279 ,271 ,270 ,247 ,194 ,162 ,130 ,522 
Ayrshire and Arran,3,Persons,"36,044 ",351 ,305 ,387 ,375 ,403 ,364 ,351 ,406 ,413 ,431 ,385 ,401 ,370 ,375 ,373 ,331 ,320 ,331 ,327 ,396 ,356 ,398 ,402 ,415 ,430 ,460 ,431 ,420 ,450 ,502 ,466 ,396 ,393 ,462 ,418 ,388 ,384 ,408 ,411 ,396 ,379 ,363 ,335 ,335 ,390 ,436 ,388 ,436 ,511 ,543 ,521 ,582 ,550 ,588 ,573 ,588 ,538 ,605 ,546 ,555 ,452 ,524 ,557 ,466 ,493 ,456 ,454 ,443 ,444 ,450 ,429 ,457 ,437 ,440 ,344 ,324 ,331 ,325 ,286 ,261 ,257 ,222 ,252 ,198 ,177 ,161 ,162 ,113 ,118 ,111 ,357 
Ayrshire and Arran,4,Persons,"44,550 ",381 ,373 ,366 ,393 ,453 ,441 ,459 ,445 ,507 ,488 ,447 ,426 ,506 ,506 ,476 ,437 ,473 ,467 ,392 ,426 ,457 ,443 ,436 ,451 ,470 ,451 ,502 ,510 ,504 ,491 ,465 ,509 ,515 ,548 ,538 ,517 ,488 ,498 ,527 ,542 ,515 ,459 ,449 ,447 ,474 ,512 ,471 ,468 ,647 ,671 ,615 ,694 ,674 ,658 ,686 ,713 ,695 ,747 ,739 ,675 ,711 ,710 ,684 ,678 ,625 ,593 ,547 ,551 ,584 ,535 ,581 ,590 ,584 ,651 ,446 ,438 ,477 ,403 ,358 ,297 ,334 ,315 ,301 ,287 ,255 ,220 ,199 ,174 ,126 ,100 ,463 
Ayrshire and Arran,5,Persons,"43,868 ",358 ,412 ,404 ,400 ,446 ,490 ,430 ,442 ,473 ,512 ,477 ,540 ,512 ,468 ,465 ,495 ,485 ,454 ,487 ,422 ,434 ,435 ,490 ,487 ,433 ,508 ,470 ,465 ,477 ,462 ,429 ,446 ,515 ,487 ,464 ,467 ,518 ,486 ,503 ,508 ,539 ,471 ,439 ,440 ,484 ,549 ,489 ,545 ,562 ,644 ,670 ,674 ,697 ,708 ,748 ,685 ,682 ,708 ,692 ,626 ,662 ,626 ,596 ,597 ,609 ,579 ,592 ,565 ,501 ,557 ,505 ,617 ,637 ,682 ,451 ,454 ,433 ,467 ,389 ,343 ,320 ,279 ,256 ,227 ,192 ,166 ,142 ,127 ,121 ,112 ,356 
Ayrshire and Arran,6,Persons,"25,122 ",228 ,179 ,218 ,214 ,248 ,235 ,245 ,234 ,263 ,254 ,236 ,251 ,264 ,286 ,236 ,281 ,267 ,271 ,204 ,239 ,236 ,193 ,243 ,259 ,209 ,269 ,293 ,238 ,257 ,251 ,248 ,296 ,236 ,295 ,250 ,234 ,252 ,240 ,284 ,289 ,339 ,266 ,272 ,266 ,280 ,324 ,280 ,351 ,327 ,380 ,396 ,386 ,417 ,434 ,399 ,412 ,427 ,447 ,469 ,395 ,371 ,403 ,370 ,375 ,344 ,374 ,362 ,355 ,364 ,325 ,385 ,334 ,357 ,383 ,256 ,258 ,226 ,244 ,222 ,194 ,201 ,183 ,160 ,134 ,124 ,105 ,101 ,87 ,77 ,68 ,188 
Ayrshire and Arran,7,Persons,"29,116 ",198 ,212 ,203 ,208 ,226 ,245 ,258 ,253 ,257 ,307 ,304 ,265 ,315 ,275 ,284 ,325 ,301 ,305 ,285 ,263 ,251 ,287 ,287 ,321 ,299 ,289 ,297 ,289 ,271 ,308 ,228 ,232 ,258 ,292 ,267 ,264 ,280 ,237 ,328 ,315 ,287 ,281 ,282 ,305 ,309 ,326 ,382 ,376 ,432 ,422 ,477 ,473 ,453 ,502 ,517 ,562 ,539 ,539 ,547 ,532 ,476 ,478 ,490 ,435 ,429 ,423 ,419 ,460 ,434 ,403 ,405 ,376 ,374 ,445 ,349 ,330 ,351 ,316 ,247 ,223 ,233 ,206 ,207 ,198 ,187 ,142 ,134 ,106 ,84 ,79 ,245 
Ayrshire and Arran,8,Persons,"27,060 ",178 ,253 ,228 ,239 ,282 ,291 ,263 ,276 ,259 ,292 ,292 ,329 ,269 ,254 ,261 ,277 ,285 ,243 ,281 ,242 ,241 ,263 ,246 ,238 ,255 ,256 ,261 ,219 ,252 ,252 ,255 ,248 ,275 ,246 ,253 ,256 ,279 ,294 ,285 ,340 ,315 ,285 ,327 ,311 ,354 ,280 ,348 ,392 ,392 ,428 ,397 ,403 ,426 ,465 ,395 ,487 ,435 ,419 ,440 ,428 ,426 ,414 ,391 ,443 ,392 ,373 ,433 ,396 ,401 ,355 ,363 ,377 ,431 ,470 ,359 ,303 ,344 ,282 ,248 ,208 ,168 ,159 ,159 ,173 ,136 ,125 ,94 ,100 ,94 ,55 ,153 
Ayrshire and Arran,9,Persons,"35,392 ",208 ,253 ,246 ,242 ,275 ,286 ,300 ,267 ,358 ,377 ,348 ,397 ,387 ,357 ,405 ,388 ,364 ,377 ,317 ,353 ,347 ,331 ,341 ,320 ,319 ,284 ,329 ,273 ,243 ,260 ,252 ,284 ,281 ,260 ,287 ,297 ,305 ,303 ,367 ,342 ,363 ,412 ,364 ,314 ,436 ,434 ,464 ,454 ,488 ,544 ,496 ,554 ,521 ,563 ,566 ,593 ,613 ,561 ,535 ,619 ,543 ,617 ,605 ,527 ,550 ,564 ,588 ,566 ,510 ,569 ,544 ,584 ,596 ,632 ,505 ,438 ,435 ,395 ,355 ,313 ,310 ,249 ,264 ,252 ,224 ,192 ,153 ,161 ,129 ,122 ,476 
Ayrshire and Arran,10,Persons,"16,120 ",99 ,84 ,116 ,82 ,146 ,138 ,117 ,145 ,157 ,153 ,153 ,163 ,134 ,167 ,188 ,172 ,182 ,162 ,159 ,138 ,147 ,182 ,156 ,129 ,147 ,137 ,110 ,107 ,85 ,98 ,113 ,121 ,108 ,109 ,106 ,128 ,88 ,130 ,120 ,147 ,146 ,150 ,170 ,134 ,174 ,180 ,198 ,179 ,234 ,245 ,209 ,211 ,282 ,255 ,257 ,280 ,278 ,263 ,249 ,316 ,276 ,263 ,271 ,290 ,252 ,274 ,284 ,245 ,236 ,275 ,268 ,273 ,276 ,300 ,238 ,251 ,208 ,195 ,174 ,149 ,175 ,157 ,132 ,121 ,131 ,121 ,88 ,106 ,75 ,62 ,221 
Borders,1,Persons,"2,375 ",27 ,34 ,36 ,37 ,51 ,35 ,51 ,36 ,46 ,43 ,31 ,30 ,30 ,45 ,23 ,24 ,32 ,32 ,25 ,20 ,30 ,38 ,28 ,22 ,38 ,25 ,31 ,30 ,26 ,24 ,39 ,27 ,32 ,12 ,26 ,17 ,24 ,31 ,31 ,28 ,32 ,17 ,26 ,19 ,20 ,27 ,24 ,34 ,33 ,21 ,30 ,34 ,35 ,40 ,37 ,29 ,35 ,40 ,31 ,31 ,28 ,33 ,30 ,23 ,23 ,28 ,24 ,27 ,20 ,30 ,30 ,25 ,28 ,25 ,22 ,16 ,14 ,18 ,12 ,7 ,2 ,16 ,10 ,8 ,5 ,8 ,5 ,6 ,3 ,3 ,4 
Borders,2,Persons,"4,752 ",33 ,46 ,60 ,60 ,57 ,60 ,80 ,90 ,60 ,66 ,62 ,51 ,70 ,56 ,35 ,53 ,50 ,51 ,62 ,41 ,64 ,57 ,68 ,63 ,60 ,80 ,57 ,56 ,70 ,56 ,50 ,54 ,52 ,59 ,46 ,50 ,64 ,43 ,49 ,40 ,57 ,65 ,51 ,44 ,50 ,60 ,57 ,67 ,86 ,65 ,59 ,75 ,78 ,67 ,59 ,69 ,67 ,57 ,63 ,70 ,42 ,58 ,60 ,58 ,42 ,49 ,48 ,48 ,52 ,46 ,62 ,48 ,55 ,60 ,39 ,30 ,37 ,55 ,33 ,38 ,24 ,24 ,24 ,23 ,21 ,19 ,19 ,18 ,13 ,17 ,43 
Borders,3,Persons,"4,219 ",38 ,30 ,31 ,29 ,41 ,27 ,29 ,37 ,26 ,36 ,36 ,37 ,48 ,20 ,42 ,29 ,38 ,25 ,48 ,36 ,66 ,55 ,41 ,64 ,77 ,69 ,59 ,73 ,101 ,58 ,82 ,74 ,42 ,66 ,59 ,67 ,69 ,45 ,49 ,43 ,53 ,40 ,27 ,38 ,41 ,36 ,44 ,40 ,54 ,48 ,45 ,65 ,57 ,48 ,44 ,72 ,71 ,81 ,44 ,77 ,72 ,66 ,69 ,44 ,44 ,56 ,56 ,39 ,57 ,61 ,65 ,38 ,54 ,56 ,41 ,38 ,30 ,22 ,35 ,38 ,28 ,26 ,38 ,26 ,28 ,17 ,22 ,14 ,15 ,13 ,44 
Borders,4,Persons,"13,204 ",112 ,151 ,143 ,113 ,134 ,132 ,126 ,146 ,167 ,126 ,120 ,159 ,115 ,119 ,140 ,112 ,134 ,142 ,104 ,115 ,142 ,110 ,149 ,158 ,137 ,147 ,146 ,180 ,138 ,155 ,154 ,128 ,161 ,109 ,132 ,130 ,143 ,154 ,143 ,131 ,177 ,104 ,129 ,124 ,134 ,137 ,177 ,163 ,180 ,195 ,176 ,223 ,175 ,220 ,203 ,206 ,216 ,213 ,215 ,202 ,181 ,168 ,189 ,192 ,185 ,191 ,208 ,181 ,159 ,142 ,159 ,164 ,186 ,226 ,147 ,135 ,163 ,138 ,103 ,90 ,102 ,95 ,90 ,82 ,76 ,57 ,88 ,51 ,47 ,67 ,116 
Borders,5,Persons,"17,898 ",142 ,154 ,145 ,154 ,200 ,181 ,194 ,148 ,202 ,185 ,179 ,162 ,184 ,150 ,173 ,186 ,182 ,154 ,191 ,184 ,155 ,175 ,182 ,190 ,181 ,170 ,159 ,216 ,178 ,157 ,207 ,171 ,188 ,155 ,171 ,176 ,193 ,203 ,185 ,185 ,201 ,193 ,156 ,174 ,176 ,205 ,211 ,231 ,277 ,268 ,263 ,265 ,290 ,326 ,318 ,303 ,270 ,290 ,276 ,295 ,285 ,313 ,286 ,295 ,260 ,269 ,229 ,226 ,242 ,244 ,251 ,259 ,276 ,300 ,205 ,170 ,186 ,175 ,162 ,138 ,149 ,120 ,135 ,114 ,110 ,77 ,71 ,61 ,58 ,43 ,154 
Borders,6,Persons,"24,602 ",205 ,204 ,248 ,226 ,252 ,260 ,266 ,273 ,244 ,278 ,254 ,283 ,264 ,283 ,258 ,259 ,257 ,229 ,207 ,203 ,214 ,210 ,184 ,241 ,246 ,203 ,212 ,203 ,181 ,168 ,207 ,192 ,214 ,249 ,247 ,265 ,208 ,251 ,256 ,267 ,252 ,264 ,212 ,258 ,277 ,316 ,277 ,289 ,364 ,359 ,378 ,348 ,420 ,377 ,401 ,430 ,420 ,430 ,418 ,404 ,412 ,391 ,386 ,399 ,376 ,363 ,387 ,385 ,354 ,363 ,389 ,372 ,373 ,410 ,292 ,277 ,268 ,262 ,187 ,210 ,218 ,209 ,144 ,146 ,123 ,131 ,86 ,71 ,77 ,72 ,204 
Borders,7,Persons,"23,192 ",161 ,178 ,200 ,200 ,181 ,193 ,251 ,230 ,209 ,271 ,249 ,239 ,252 ,253 ,250 ,266 ,225 ,238 ,196 ,200 ,175 ,190 ,188 ,206 ,193 ,190 ,197 ,146 ,151 ,163 ,166 ,165 ,180 ,202 ,198 ,212 ,196 ,195 ,203 ,200 ,236 ,217 ,198 ,233 ,241 ,257 ,289 ,307 ,325 ,354 ,350 ,413 ,369 ,412 ,448 ,424 ,406 ,418 ,428 ,404 ,458 ,435 ,402 ,416 ,361 ,392 ,330 ,349 ,329 ,327 ,326 ,342 ,389 ,374 ,265 ,297 ,267 ,276 ,236 ,176 ,195 ,182 ,186 ,145 ,125 ,122 ,100 ,95 ,76 ,68 ,264 
Borders,8,Persons,"14,690 ",101 ,104 ,129 ,114 ,121 ,121 ,138 ,171 ,136 ,155 ,152 ,160 ,170 ,164 ,155 ,167 ,175 ,143 ,181 ,158 ,165 ,152 ,133 ,119 ,108 ,123 ,127 ,110 ,102 ,116 ,113 ,125 ,113 ,109 ,122 ,121 ,134 ,143 ,158 ,145 ,162 ,114 ,153 ,137 ,167 ,172 ,169 ,171 ,194 ,215 ,223 ,221 ,226 ,219 ,255 ,249 ,248 ,245 ,241 ,220 ,221 ,251 ,225 ,232 ,229 ,208 ,207 ,220 ,198 ,189 ,224 ,224 ,244 ,281 ,198 ,179 ,187 ,145 ,147 ,134 ,143 ,134 ,130 ,111 ,72 ,103 ,76 ,75 ,50 ,56 ,143 
Borders,9,Persons,"6,356 ",56 ,40 ,50 ,65 ,100 ,75 ,93 ,114 ,103 ,67 ,88 ,95 ,84 ,74 ,80 ,91 ,82 ,82 ,70 ,51 ,43 ,58 ,46 ,51 ,53 ,62 ,43 ,58 ,41 ,41 ,46 ,42 ,51 ,51 ,70 ,51 ,83 ,68 ,94 ,73 ,86 ,80 ,78 ,64 ,82 ,84 ,92 ,107 ,103 ,109 ,98 ,108 ,122 ,85 ,118 ,91 ,94 ,114 ,78 ,85 ,86 ,79 ,91 ,81 ,84 ,90 ,74 ,86 ,74 ,95 ,67 ,93 ,81 ,98 ,64 ,57 ,55 ,57 ,40 ,39 ,37 ,53 ,28 ,36 ,32 ,21 ,18 ,21 ,10 ,7 ,39 
Borders,10,Persons,"3,952 ",29 ,26 ,29 ,41 ,29 ,46 ,42 ,45 ,52 ,42 ,43 ,63 ,59 ,76 ,64 ,57 ,54 ,43 ,41 ,38 ,35 ,38 ,25 ,32 ,36 ,21 ,21 ,29 ,21 ,24 ,20 ,17 ,27 ,18 ,30 ,41 ,32 ,31 ,32 ,46 ,39 ,48 ,41 ,41 ,56 ,47 ,54 ,68 ,87 ,69 ,84 ,74 ,76 ,78 ,30 ,58 ,59 ,74 ,58 ,33 ,58 ,41 ,46 ,41 ,54 ,47 ,48 ,55 ,49 ,65 ,35 ,50 ,52 ,67 ,50 ,45 ,34 ,43 ,32 ,33 ,32 ,39 ,39 ,37 ,39 ,25 ,31 ,21 ,16 ,17 ,42 
Dumfries and Galloway,1,Persons,"7,716 ",100 ,92 ,95 ,101 ,97 ,94 ,89 ,99 ,104 ,97 ,88 ,113 ,114 ,98 ,68 ,87 ,70 ,81 ,88 ,101 ,93 ,96 ,101 ,124 ,98 ,111 ,127 ,109 ,125 ,119 ,125 ,123 ,128 ,106 ,95 ,111 ,82 ,70 ,114 ,95 ,103 ,83 ,83 ,81 ,85 ,89 ,98 ,93 ,109 ,92 ,100 ,62 ,110 ,114 ,120 ,124 ,115 ,104 ,109 ,80 ,77 ,105 ,103 ,101 ,77 ,64 ,70 ,90 ,65 ,81 ,65 ,71 ,70 ,84 ,57 ,45 ,51 ,40 ,49 ,37 ,35 ,42 ,50 ,24 ,28 ,26 ,18 ,23 ,13 ,16 ,57 
Dumfries and Galloway,2,Persons,"5,305 ",56 ,56 ,63 ,65 ,60 ,80 ,59 ,59 ,64 ,67 ,64 ,76 ,74 ,63 ,83 ,73 ,64 ,62 ,68 ,57 ,81 ,53 ,85 ,48 ,55 ,76 ,63 ,51 ,74 ,66 ,64 ,59 ,72 ,40 ,44 ,55 ,66 ,56 ,51 ,60 ,59 ,59 ,69 ,44 ,48 ,34 ,49 ,60 ,80 ,77 ,83 ,56 ,86 ,79 ,67 ,93 ,73 ,79 ,78 ,71 ,84 ,85 ,77 ,68 ,65 ,55 ,74 ,68 ,65 ,45 ,50 ,50 ,57 ,65 ,38 ,43 ,55 ,47 ,60 ,42 ,35 ,23 ,23 ,22 ,26 ,13 ,19 ,19 ,12 ,9 ,35 
Dumfries and Galloway,3,Persons,"15,250 ",138 ,149 ,160 ,143 ,154 ,146 ,151 ,191 ,167 ,185 ,156 ,189 ,173 ,161 ,142 ,166 ,134 ,145 ,122 ,133 ,165 ,163 ,158 ,148 ,194 ,183 ,157 ,191 ,167 ,167 ,204 ,212 ,174 ,175 ,169 ,194 ,196 ,162 ,146 ,184 ,174 ,156 ,129 ,119 ,169 ,173 ,144 ,164 ,187 ,184 ,225 ,214 ,201 ,183 ,226 ,231 ,228 ,205 ,257 ,236 ,222 ,229 ,229 ,207 ,198 ,207 ,194 ,189 ,186 ,206 ,195 ,233 ,236 ,216 ,151 ,148 ,149 ,149 ,151 ,125 ,115 ,129 ,111 ,95 ,84 ,78 ,81 ,59 ,51 ,50 ,158 
Dumfries and Galloway,4,Persons,"21,364 ",150 ,166 ,199 ,210 ,211 ,185 ,223 ,229 ,224 ,224 ,245 ,231 ,262 ,238 ,285 ,262 ,210 ,228 ,229 ,221 ,194 ,216 ,235 ,217 ,241 ,238 ,236 ,251 ,213 ,171 ,183 ,210 ,186 ,215 ,209 ,211 ,225 ,202 ,238 ,212 ,201 ,178 ,203 ,187 ,228 ,214 ,248 ,245 ,283 ,344 ,252 ,338 ,317 ,330 ,342 ,359 ,335 ,372 ,317 ,342 ,309 ,341 ,342 ,284 ,325 ,319 ,306 ,296 ,280 ,267 ,312 ,269 ,277 ,307 ,274 ,246 ,240 ,236 ,215 ,203 ,169 ,152 ,126 ,122 ,145 ,112 ,107 ,106 ,69 ,56 ,182 
Dumfries and Galloway,5,Persons,"32,117 ",230 ,223 ,219 ,287 ,256 ,283 ,294 ,308 ,281 ,333 ,354 ,320 ,315 ,373 ,321 ,332 ,366 ,296 ,274 ,272 ,263 ,270 ,307 ,294 ,289 ,358 ,318 ,255 ,280 ,274 ,295 ,279 ,322 ,305 ,268 ,316 ,321 ,312 ,323 ,308 ,334 ,305 ,285 ,273 ,313 ,330 ,331 ,386 ,404 ,439 ,468 ,482 ,443 ,484 ,481 ,586 ,554 ,526 ,612 ,570 ,539 ,509 ,483 ,528 ,488 ,508 ,512 ,455 ,487 ,527 ,527 ,474 ,497 ,557 ,395 ,367 ,389 ,365 ,350 ,290 ,293 ,264 ,253 ,256 ,228 ,197 ,152 ,136 ,124 ,105 ,362 
Dumfries and Galloway,6,Persons,"25,086 ",172 ,187 ,195 ,196 ,202 ,192 ,200 ,210 ,261 ,281 ,242 ,237 ,270 ,275 ,230 ,237 ,259 ,242 ,217 ,176 ,205 ,213 ,252 ,209 ,242 ,249 ,251 ,241 ,184 ,236 ,218 ,217 ,284 ,252 ,248 ,231 ,222 ,227 ,261 ,231 ,244 ,235 ,229 ,211 ,251 ,252 ,249 ,285 ,339 ,366 ,346 ,408 ,402 ,425 ,402 ,466 ,492 ,499 ,370 ,410 ,427 ,402 ,411 ,384 ,391 ,387 ,385 ,392 ,381 ,364 ,397 ,423 ,418 ,433 ,312 ,318 ,279 ,294 ,243 ,227 ,205 ,226 ,180 ,183 ,157 ,132 ,114 ,117 ,98 ,85 ,286 
Dumfries and Galloway,7,Persons,"16,003 ",88 ,104 ,104 ,105 ,103 ,125 ,121 ,110 ,145 ,163 ,162 ,163 ,132 ,160 ,169 ,174 ,149 ,178 ,118 ,128 ,110 ,128 ,156 ,144 ,138 ,144 ,151 ,157 ,149 ,168 ,116 ,126 ,139 ,146 ,157 ,155 ,140 ,129 ,134 ,127 ,149 ,134 ,125 ,119 ,175 ,162 ,192 ,194 ,205 ,182 ,229 ,281 ,256 ,314 ,276 ,284 ,293 ,274 ,297 ,279 ,282 ,280 ,262 ,275 ,294 ,275 ,279 ,282 ,277 ,250 ,218 ,252 ,264 ,273 ,235 ,228 ,223 ,200 ,161 ,157 ,155 ,108 ,92 ,122 ,106 ,71 ,88 ,63 ,65 ,58 ,173 
Dumfries and Galloway,8,Persons,"11,770 ",96 ,79 ,103 ,80 ,99 ,110 ,98 ,95 ,79 ,118 ,104 ,105 ,99 ,110 ,108 ,102 ,100 ,112 ,95 ,122 ,98 ,104 ,102 ,108 ,104 ,138 ,105 ,120 ,107 ,126 ,108 ,88 ,117 ,118 ,124 ,108 ,116 ,116 ,115 ,105 ,94 ,96 ,99 ,101 ,108 ,112 ,132 ,121 ,139 ,160 ,196 ,180 ,189 ,200 ,203 ,194 ,211 ,223 ,214 ,209 ,190 ,195 ,180 ,173 ,175 ,172 ,193 ,176 ,172 ,163 ,185 ,193 ,195 ,205 ,159 ,150 ,149 ,146 ,119 ,124 ,112 ,81 ,112 ,97 ,93 ,82 ,72 ,63 ,47 ,44 ,131 
Dumfries and Galloway,9,Persons,"7,751 ",62 ,68 ,73 ,59 ,75 ,65 ,82 ,77 ,71 ,82 ,87 ,92 ,104 ,83 ,110 ,92 ,93 ,75 ,65 ,65 ,73 ,70 ,75 ,73 ,95 ,62 ,91 ,60 ,63 ,92 ,66 ,64 ,73 ,78 ,78 ,69 ,80 ,80 ,96 ,97 ,70 ,75 ,84 ,78 ,74 ,87 ,75 ,93 ,86 ,107 ,90 ,121 ,119 ,115 ,121 ,125 ,139 ,124 ,126 ,124 ,113 ,120 ,104 ,102 ,96 ,104 ,98 ,101 ,111 ,113 ,117 ,121 ,103 ,110 ,83 ,93 ,79 ,80 ,66 ,64 ,71 ,62 ,62 ,56 ,44 ,45 ,56 ,37 ,38 ,28 ,126 
Dumfries and Galloway,10,Persons,"5,928 ",57 ,48 ,66 ,57 ,71 ,69 ,64 ,57 ,65 ,60 ,77 ,65 ,60 ,72 ,71 ,67 ,55 ,69 ,54 ,49 ,35 ,57 ,66 ,55 ,49 ,58 ,49 ,56 ,72 ,59 ,71 ,63 ,80 ,70 ,64 ,59 ,73 ,77 ,81 ,56 ,69 ,77 ,71 ,77 ,60 ,64 ,89 ,71 ,77 ,86 ,89 ,90 ,95 ,91 ,100 ,96 ,115 ,105 ,89 ,102 ,88 ,77 ,92 ,65 ,76 ,75 ,81 ,69 ,97 ,69 ,72 ,62 ,71 ,72 ,59 ,44 ,70 ,55 ,49 ,48 ,45 ,38 ,45 ,43 ,31 ,22 ,18 ,26 ,3 ,10 ,40 
Fife,1,Persons,"27,886 ",378 ,322 ,363 ,359 ,407 ,366 ,378 ,393 ,393 ,404 ,424 ,349 ,375 ,334 ,326 ,306 ,289 ,291 ,288 ,334 ,326 ,310 ,335 ,347 ,380 ,393 ,367 ,441 ,387 ,354 ,434 ,424 ,376 ,367 ,359 ,350 ,353 ,322 ,374 ,366 ,364 ,328 ,322 ,310 ,318 ,297 ,313 ,333 ,359 ,381 ,391 ,389 ,408 ,414 ,378 ,426 ,401 ,369 ,394 ,355 ,353 ,393 ,333 ,331 ,284 ,284 ,275 ,260 ,283 ,258 ,247 ,254 ,260 ,236 ,199 ,215 ,189 ,181 ,148 ,130 ,145 ,115 ,119 ,110 ,107 ,86 ,73 ,54 ,51 ,51 ,168 
Fife,2,Persons,"44,493 ",487 ,496 ,502 ,543 ,600 ,572 ,538 ,586 ,579 ,562 ,531 ,569 ,545 ,541 ,560 ,479 ,481 ,470 ,486 ,480 ,451 ,477 ,438 ,533 ,550 ,586 ,634 ,580 ,611 ,636 ,626 ,605 ,554 ,560 ,627 ,496 ,504 ,578 ,462 ,512 ,517 ,518 ,469 ,457 ,483 ,541 ,481 ,518 ,570 ,677 ,600 ,574 ,688 ,670 ,623 ,640 ,634 ,594 ,602 ,573 ,622 ,570 ,600 ,521 ,525 ,526 ,509 ,450 ,410 ,490 ,482 ,497 ,443 ,557 ,369 ,345 ,377 ,322 ,321 ,262 ,277 ,299 ,232 ,202 ,218 ,169 ,132 ,122 ,141 ,102 ,345 
Fife,3,Persons,"37,007 ",354 ,436 ,392 ,404 ,409 ,425 ,437 ,453 ,479 ,486 ,479 ,449 ,437 ,410 ,437 ,437 ,395 ,413 ,370 ,361 ,372 ,373 ,355 ,411 ,408 ,461 ,485 ,449 ,484 ,499 ,501 ,482 ,483 ,497 ,471 ,435 ,475 ,474 ,473 ,505 ,424 ,376 ,410 ,379 ,465 ,402 ,455 ,460 ,479 ,514 ,473 ,543 ,578 ,565 ,557 ,536 ,577 ,535 ,574 ,534 ,499 ,482 ,525 ,479 ,469 ,444 ,460 ,409 ,389 ,384 ,409 ,399 ,394 ,453 ,337 ,298 ,288 ,261 ,269 ,204 ,232 ,183 ,151 ,191 ,155 ,141 ,125 ,127 ,84 ,75 ,299 
Fife,4,Persons,"38,218 ",368 ,379 ,356 ,374 ,375 ,433 ,390 ,406 ,381 ,434 ,423 ,393 ,390 ,375 ,377 ,364 ,382 ,414 ,340 ,392 ,405 ,452 ,401 ,454 ,458 ,449 ,469 ,507 ,530 ,523 ,455 ,448 ,492 ,420 ,422 ,434 ,385 ,428 ,498 ,491 ,454 ,456 ,398 ,372 ,462 ,471 ,465 ,513 ,540 ,497 ,516 ,609 ,565 ,570 ,592 ,565 ,607 ,538 ,537 ,524 ,530 ,480 ,538 ,543 ,480 ,480 ,524 ,448 ,425 ,475 ,415 ,463 ,482 ,492 ,365 ,375 ,351 ,330 ,328 ,230 ,271 ,239 ,239 ,238 ,190 ,185 ,168 ,160 ,127 ,116 ,413 
Fife,5,Persons,"42,870 ",382 ,409 ,427 ,409 ,431 ,489 ,443 ,473 ,511 ,474 ,476 ,510 ,497 ,489 ,452 ,466 ,416 ,410 ,391 ,375 ,378 ,399 ,378 ,445 ,519 ,542 ,518 ,526 ,528 ,513 ,566 ,586 ,516 ,475 ,580 ,535 ,558 ,526 ,543 ,570 ,562 ,533 ,475 ,468 ,455 ,474 ,520 ,518 ,594 ,611 ,614 ,626 ,670 ,704 ,608 ,695 ,661 ,714 ,673 ,612 ,660 ,631 ,594 ,574 ,562 ,503 ,565 ,487 ,491 ,531 ,520 ,492 ,507 ,558 ,384 ,363 ,382 ,344 ,329 ,297 ,283 ,270 ,243 ,217 ,212 ,147 ,145 ,138 ,108 ,98 ,317 
Fife,6,Persons,"27,890 ",241 ,233 ,289 ,266 ,283 ,273 ,289 ,286 ,306 ,324 ,327 ,334 ,304 ,290 ,287 ,308 ,280 ,257 ,237 ,274 ,240 ,250 ,244 ,250 ,300 ,356 ,286 ,315 ,334 ,317 ,286 ,314 ,344 ,343 ,293 ,336 ,303 ,311 ,326 ,333 ,345 ,342 ,317 ,311 ,319 ,297 ,323 ,342 ,402 ,397 ,412 ,447 ,409 ,448 ,434 ,498 ,468 ,520 ,421 ,443 ,447 ,428 ,429 ,389 ,359 ,351 ,325 ,340 ,348 ,331 ,349 ,403 ,368 ,423 ,291 ,280 ,265 ,234 ,204 ,202 ,188 ,162 ,149 ,161 ,127 ,115 ,99 ,77 ,67 ,59 ,256 
Fife,7,Persons,"34,760 ",234 ,259 ,305 ,285 ,295 ,319 ,333 ,349 ,356 ,373 ,321 ,360 ,365 ,329 ,348 ,368 ,374 ,326 ,328 ,361 ,380 ,363 ,399 ,421 ,429 ,346 ,476 ,412 ,399 ,378 ,355 ,424 ,360 ,367 ,431 ,428 ,393 ,357 ,383 ,415 ,356 ,426 ,333 ,410 ,376 ,408 ,410 ,490 ,474 ,477 ,489 ,559 ,538 ,516 ,549 ,539 ,502 ,563 ,586 ,532 ,544 ,519 ,494 ,493 ,475 ,463 ,452 ,434 ,407 ,426 ,421 ,466 ,480 ,545 ,360 ,379 ,361 ,338 ,274 ,259 ,256 ,249 ,260 ,191 ,187 ,174 ,144 ,131 ,109 ,66 ,366 
Fife,8,Persons,"43,123 ",313 ,357 ,367 ,384 ,412 ,440 ,417 ,465 ,446 ,481 ,481 ,502 ,454 ,457 ,464 ,453 ,485 ,432 ,397 ,414 ,299 ,338 ,309 ,365 ,392 ,415 ,425 ,432 ,486 ,422 ,466 ,440 ,495 ,428 ,425 ,472 ,436 ,512 ,512 ,478 ,507 ,508 ,486 ,521 ,521 ,503 ,515 ,581 ,605 ,672 ,645 ,655 ,675 ,695 ,685 ,727 ,715 ,716 ,673 ,664 ,686 ,671 ,629 ,612 ,625 ,625 ,559 ,563 ,557 ,541 ,628 ,543 ,631 ,645 ,491 ,487 ,445 ,372 ,408 ,325 ,312 ,279 ,287 ,273 ,243 ,214 ,195 ,146 ,120 ,116 ,458 
Fife,9,Persons,"35,618 ",237 ,283 ,277 ,323 ,326 ,317 ,359 ,352 ,379 ,440 ,418 ,411 ,457 ,410 ,396 ,366 ,403 ,341 ,362 ,506 ,410 ,394 ,375 ,371 ,346 ,337 ,378 ,365 ,310 ,337 ,338 ,342 ,354 ,327 ,345 ,400 ,378 ,364 ,445 ,410 ,473 ,432 ,414 ,420 ,458 ,464 ,494 ,477 ,510 ,579 ,524 ,562 ,562 ,560 ,537 ,577 ,545 ,495 ,507 ,536 ,540 ,553 ,500 ,463 ,464 ,428 ,448 ,477 ,443 ,457 ,390 ,469 ,524 ,585 ,419 ,402 ,379 ,361 ,303 ,250 ,235 ,215 ,201 ,173 ,179 ,145 ,127 ,116 ,117 ,80 ,360 
Fife,10,Persons,"42,265 ",259 ,291 ,309 ,348 ,335 ,422 ,450 ,409 ,412 ,506 ,446 ,507 ,526 ,461 ,482 ,459 ,480 ,465 ,726 ,"1,325 ","1,490 ","1,517 ","1,304 ",956 ,739 ,504 ,516 ,425 ,462 ,458 ,427 ,407 ,417 ,438 ,378 ,416 ,388 ,464 ,538 ,467 ,496 ,550 ,504 ,468 ,490 ,511 ,536 ,557 ,562 ,572 ,516 ,577 ,547 ,534 ,532 ,500 ,512 ,503 ,443 ,468 ,476 ,472 ,434 ,430 ,413 ,412 ,388 ,402 ,419 ,396 ,421 ,417 ,482 ,491 ,357 ,316 ,348 ,291 ,244 ,206 ,206 ,215 ,196 ,155 ,150 ,164 ,105 ,125 ,86 ,78 ,263 
Forth Valley,1,Persons,"18,680 ",225 ,223 ,244 ,234 ,255 ,259 ,253 ,218 ,327 ,248 ,206 ,238 ,226 ,221 ,232 ,210 ,231 ,225 ,211 ,192 ,209 ,217 ,259 ,295 ,291 ,303 ,282 ,277 ,293 ,292 ,288 ,233 ,301 ,233 ,201 ,279 ,250 ,284 ,253 ,219 ,201 ,242 ,210 ,206 ,194 ,228 ,213 ,274 ,265 ,247 ,249 ,283 ,279 ,262 ,253 ,262 ,268 ,263 ,256 ,243 ,248 ,208 ,199 ,238 ,200 ,172 ,161 ,175 ,148 ,152 ,159 ,177 ,143 ,159 ,114 ,113 ,121 ,96 ,110 ,87 ,68 ,83 ,85 ,69 ,63 ,38 ,49 ,35 ,44 ,32 ,99 
Forth Valley,2,Persons,"30,145 ",273 ,295 ,345 ,322 ,352 ,392 ,371 ,388 ,403 ,376 ,372 ,357 ,368 ,366 ,353 ,341 ,321 ,320 ,305 ,346 ,408 ,389 ,394 ,385 ,354 ,394 ,353 ,401 ,459 ,484 ,494 ,409 ,456 ,417 ,434 ,409 ,363 ,342 ,381 ,359 ,373 ,348 ,343 ,317 ,319 ,327 ,335 ,355 ,380 ,433 ,384 ,417 ,446 ,440 ,407 ,411 ,431 ,476 ,412 ,391 ,392 ,393 ,388 ,358 ,340 ,299 ,326 ,326 ,294 ,308 ,300 ,303 ,309 ,346 ,224 ,217 ,228 ,207 ,176 ,208 ,162 ,178 ,133 ,149 ,133 ,116 ,90 ,69 ,95 ,56 ,226 
Forth Valley,3,Persons,"32,036 ",323 ,311 ,348 ,336 ,340 ,363 ,338 ,357 ,335 ,352 ,354 ,411 ,382 ,364 ,319 ,352 ,331 ,332 ,296 ,306 ,351 ,386 ,368 ,412 ,367 ,407 ,406 ,418 ,425 ,457 ,404 ,437 ,391 ,436 ,423 ,399 ,367 ,385 ,378 ,393 ,403 ,413 ,409 ,373 ,389 ,366 ,392 ,418 ,409 ,449 ,463 ,494 ,480 ,532 ,483 ,473 ,559 ,441 ,458 ,449 ,495 ,416 ,454 ,356 ,355 ,351 ,361 ,378 ,350 ,377 ,344 ,345 ,361 ,411 ,315 ,274 ,266 ,247 ,213 ,192 ,198 ,216 ,148 ,166 ,127 ,135 ,109 ,69 ,58 ,54 ,182 
Forth Valley,4,Persons,"29,373 ",244 ,249 ,275 ,308 ,300 ,292 ,325 ,330 ,311 ,326 ,308 ,342 ,330 ,304 ,306 ,273 ,275 ,316 ,279 ,323 ,366 ,319 ,365 ,357 ,363 ,350 ,402 ,414 ,408 ,401 ,400 ,404 ,383 ,385 ,378 ,401 ,334 ,349 ,349 ,359 ,393 ,342 ,294 ,308 ,336 ,361 ,373 ,397 ,459 ,387 ,436 ,426 ,471 ,463 ,511 ,447 ,475 ,446 ,379 ,445 ,395 ,395 ,373 ,344 ,315 ,320 ,299 ,315 ,301 ,308 ,313 ,336 ,345 ,341 ,261 ,219 ,274 ,241 ,248 ,189 ,198 ,184 ,184 ,166 ,129 ,155 ,104 ,97 ,75 ,65 ,232 
Forth Valley,5,Persons,"32,346 ",295 ,267 ,308 ,281 ,296 ,296 ,294 ,326 ,362 ,318 ,369 ,335 ,334 ,345 ,336 ,332 ,344 ,359 ,286 ,296 ,336 ,412 ,417 ,418 ,387 ,401 ,402 ,414 ,388 ,436 ,380 ,312 ,393 ,386 ,386 ,447 ,365 ,363 ,374 ,387 ,364 ,395 ,417 ,413 ,376 ,417 ,378 ,409 ,477 ,449 ,481 ,505 ,526 ,463 ,486 ,516 ,461 ,529 ,548 ,470 ,444 ,450 ,463 ,471 ,462 ,403 ,408 ,376 ,394 ,389 ,413 ,395 ,397 ,423 ,301 ,276 ,284 ,302 ,197 ,209 ,190 ,198 ,194 ,168 ,137 ,135 ,105 ,91 ,82 ,64 ,262 
Forth Valley,6,Persons,"30,722 ",265 ,299 ,308 ,314 ,357 ,326 ,333 ,371 ,349 ,337 ,330 ,349 ,365 ,357 ,330 ,339 ,291 ,293 ,291 ,289 ,323 ,306 ,325 ,342 ,332 ,331 ,380 ,366 ,392 ,347 ,373 ,437 ,393 ,389 ,406 ,390 ,399 ,406 ,416 ,380 ,439 ,408 ,418 ,384 ,400 ,403 ,397 ,467 ,509 ,501 ,475 ,494 ,457 ,476 ,475 ,507 ,483 ,454 ,457 ,472 ,422 ,399 ,416 ,376 ,338 ,342 ,304 ,357 ,306 ,349 ,328 ,295 ,347 ,392 ,252 ,265 ,233 ,231 ,211 ,196 ,190 ,167 ,163 ,114 ,100 ,105 ,86 ,83 ,78 ,60 ,215 
Forth Valley,7,Persons,"26,847 ",204 ,191 ,226 ,214 ,219 ,226 ,245 ,222 ,262 ,317 ,282 ,312 ,313 ,315 ,334 ,306 ,317 ,304 ,261 ,287 ,362 ,395 ,357 ,384 ,379 ,351 ,332 ,287 ,329 ,300 ,277 ,312 ,296 ,252 ,264 ,276 ,278 ,286 ,337 ,300 ,289 ,325 ,299 ,334 ,327 ,311 ,315 ,371 ,408 ,437 ,426 ,457 ,438 ,440 ,445 ,480 ,418 ,446 ,432 ,384 ,384 ,363 ,362 ,353 ,325 ,272 ,310 ,334 ,322 ,326 ,271 ,331 ,315 ,344 ,239 ,226 ,255 ,220 ,214 ,161 ,159 ,162 ,140 ,156 ,125 ,117 ,81 ,86 ,96 ,58 ,247 
Forth Valley,8,Persons,"35,974 ",275 ,299 ,317 ,352 ,373 ,332 ,361 ,366 ,381 ,392 ,433 ,388 ,394 ,399 ,358 ,391 ,391 ,330 ,352 ,320 ,420 ,399 ,420 ,448 ,435 ,421 ,396 ,410 ,392 ,448 ,397 ,387 ,390 ,354 ,380 ,373 ,419 ,442 ,475 ,464 ,461 ,483 ,423 ,397 ,503 ,475 ,445 ,542 ,526 ,535 ,580 ,588 ,580 ,627 ,526 ,625 ,588 ,576 ,494 ,531 ,515 ,557 ,493 ,454 ,458 ,445 ,447 ,440 ,378 ,447 ,457 ,394 ,426 ,472 ,342 ,316 ,347 ,265 ,253 ,223 ,237 ,225 ,181 ,180 ,178 ,147 ,118 ,118 ,105 ,85 ,292 
Forth Valley,9,Persons,"40,627 ",325 ,348 ,350 ,375 ,395 ,420 ,429 ,425 ,518 ,446 ,445 ,488 ,486 ,494 ,480 ,515 ,470 ,462 ,391 ,484 ,490 ,551 ,506 ,456 ,495 ,454 ,440 ,446 ,455 ,435 ,494 ,464 ,477 ,478 ,470 ,454 ,479 ,480 ,586 ,556 ,511 ,551 ,480 ,503 ,567 ,600 ,628 ,599 ,642 ,696 ,660 ,657 ,649 ,635 ,680 ,653 ,643 ,605 ,594 ,593 ,545 ,535 ,445 ,503 ,483 ,508 ,469 ,428 ,410 ,436 ,403 ,480 ,419 ,467 ,312 ,344 ,299 ,297 ,252 ,202 ,212 ,202 ,181 ,207 ,183 ,144 ,133 ,100 ,100 ,69 ,301 
Forth Valley,10,Persons,"29,180 ",167 ,198 ,199 ,229 ,246 ,259 ,269 ,260 ,308 ,352 ,341 ,339 ,392 ,381 ,373 ,361 ,418 ,327 ,532 ,724 ,609 ,483 ,413 ,361 ,290 ,290 ,254 ,261 ,236 ,242 ,258 ,290 ,283 ,233 ,233 ,245 ,291 ,264 ,281 ,285 ,305 ,324 ,321 ,337 ,364 ,388 ,379 ,451 ,484 ,459 ,527 ,479 ,508 ,471 ,477 ,455 ,447 ,455 ,423 ,384 ,360 ,371 ,362 ,371 ,335 ,319 ,310 ,304 ,312 ,309 ,368 ,333 ,352 ,414 ,312 ,269 ,251 ,263 ,207 ,221 ,197 ,222 ,181 ,166 ,146 ,131 ,94 ,108 ,85 ,67 ,225 
Grampian,1,Persons,"6,064 ",65 ,97 ,74 ,84 ,101 ,99 ,95 ,86 ,98 ,82 ,84 ,92 ,98 ,92 ,76 ,72 ,71 ,45 ,66 ,57 ,78 ,77 ,74 ,79 ,84 ,73 ,78 ,93 ,106 ,137 ,128 ,107 ,103 ,107 ,105 ,108 ,104 ,101 ,70 ,89 ,101 ,92 ,82 ,105 ,102 ,90 ,114 ,94 ,56 ,82 ,69 ,80 ,70 ,77 ,82 ,51 ,68 ,65 ,66 ,72 ,71 ,64 ,60 ,55 ,68 ,54 ,48 ,43 ,40 ,37 ,34 ,42 ,40 ,33 ,29 ,24 ,17 ,15 ,19 ,7 ,14 ,9 ,17 ,7 ,9 ,11 ,10 ,6 ,5 ,7 ,16 
Grampian,2,Persons,"25,874 ",263 ,323 ,294 ,319 ,335 ,281 ,317 ,325 ,309 ,309 ,261 ,264 ,278 ,212 ,254 ,211 ,225 ,219 ,219 ,218 ,244 ,254 ,311 ,339 ,328 ,362 ,352 ,433 ,523 ,577 ,451 ,493 ,437 ,433 ,492 ,381 ,395 ,466 ,370 ,382 ,410 ,339 ,306 ,315 ,330 ,311 ,344 ,339 ,311 ,351 ,307 ,320 ,345 ,317 ,337 ,352 ,373 ,337 ,326 ,309 ,309 ,309 ,324 ,289 ,262 ,252 ,266 ,234 ,230 ,229 ,228 ,252 ,250 ,240 ,181 ,157 ,152 ,155 ,162 ,131 ,124 ,119 ,111 ,120 ,94 ,97 ,85 ,77 ,64 ,51 ,182 
Grampian,3,Persons,"33,706 ",333 ,387 ,405 ,399 ,395 ,418 ,408 ,448 ,466 ,395 ,396 ,338 ,372 ,309 ,346 ,331 ,314 ,337 ,280 ,282 ,361 ,428 ,411 ,483 ,518 ,467 ,497 ,530 ,622 ,579 ,605 ,580 ,594 ,580 ,508 ,519 ,469 ,462 ,477 ,462 ,414 ,413 ,408 ,393 ,408 ,386 ,376 ,407 ,377 ,462 ,412 ,414 ,470 ,423 ,419 ,493 ,437 ,439 ,462 ,439 ,406 ,382 ,407 ,380 ,362 ,377 ,378 ,296 ,313 ,345 ,330 ,357 ,309 ,346 ,252 ,228 ,167 ,205 ,198 ,166 ,182 ,157 ,162 ,139 ,152 ,144 ,97 ,101 ,93 ,71 ,241 
Grampian,4,Persons,"51,507 ",471 ,491 ,511 ,517 ,544 ,535 ,530 ,585 ,534 ,555 ,539 ,553 ,530 ,501 ,458 ,420 ,414 ,457 ,507 ,609 ,744 ,808 ,872 ,912 ,932 ,810 ,817 ,835 ,"1,007 ",923 ,878 ,875 ,816 ,836 ,873 ,775 ,705 ,757 ,790 ,666 ,735 ,654 ,556 ,635 ,586 ,545 ,602 ,593 ,679 ,660 ,619 ,658 ,631 ,622 ,607 ,654 ,596 ,719 ,661 ,600 ,618 ,561 ,612 ,546 ,617 ,533 ,559 ,475 ,518 ,503 ,506 ,497 ,516 ,557 ,407 ,338 ,323 ,356 ,304 ,287 ,307 ,257 ,264 ,251 ,222 ,201 ,174 ,175 ,122 ,105 ,292 
Grampian,5,Persons,"47,611 ",440 ,412 ,450 ,482 ,506 ,480 ,484 ,521 ,526 ,522 ,522 ,559 ,527 ,485 ,527 ,466 ,440 ,494 ,394 ,435 ,507 ,493 ,598 ,597 ,604 ,682 ,631 ,702 ,722 ,647 ,730 ,718 ,680 ,684 ,661 ,668 ,627 ,614 ,627 ,616 ,674 ,494 ,554 ,546 ,579 ,604 ,560 ,620 ,661 ,637 ,629 ,652 ,640 ,714 ,660 ,723 ,631 ,666 ,639 ,612 ,586 ,638 ,620 ,596 ,555 ,572 ,551 ,561 ,499 ,500 ,528 ,541 ,552 ,546 ,419 ,363 ,373 ,376 ,370 ,312 ,309 ,283 ,267 ,231 ,223 ,227 ,190 ,166 ,163 ,128 ,391 
Grampian,6,Persons,"74,485 ",645 ,664 ,674 ,708 ,663 ,717 ,672 ,723 ,707 ,770 ,797 ,810 ,748 ,700 ,682 ,675 ,691 ,592 ,815 ,"1,142 ","1,132 ","1,070 ","1,038 ","1,049 ","1,025 ","1,038 ","1,000 ",986 ,"1,067 ","1,133 ","1,031 ","1,004 ",969 ,"1,004 ",972 ,938 ,867 ,945 ,996 ,942 ,862 ,878 ,869 ,753 ,868 ,849 ,825 ,919 ,948 ,"1,056 ","1,009 ","1,087 ","1,097 ","1,141 ","1,115 ","1,128 ","1,115 ","1,159 ","1,070 ","1,019 ","1,012 ",963 ,964 ,967 ,945 ,960 ,868 ,835 ,831 ,818 ,795 ,819 ,811 ,883 ,723 ,584 ,648 ,582 ,485 ,502 ,458 ,436 ,431 ,365 ,327 ,311 ,263 ,250 ,209 ,184 ,688 
Grampian,7,Persons,"72,804 ",662 ,756 ,746 ,708 ,760 ,756 ,749 ,808 ,736 ,865 ,791 ,845 ,849 ,791 ,761 ,751 ,713 ,716 ,681 ,638 ,733 ,756 ,732 ,771 ,739 ,833 ,719 ,800 ,852 ,892 ,907 ,860 ,858 ,869 ,888 ,950 ,918 ,910 ,948 ,918 ,943 ,951 ,857 ,904 ,891 ,882 ,"1,030 ","1,003 ","1,034 ","1,076 ","1,034 ","1,075 ","1,105 ","1,108 ","1,098 ","1,130 ","1,097 ","1,070 ","1,118 ","1,077 ","1,006 ","1,039 ","1,024 ",988 ,996 ,919 ,888 ,793 ,805 ,804 ,904 ,890 ,855 ,966 ,686 ,635 ,633 ,639 ,554 ,482 ,488 ,463 ,434 ,368 ,352 ,295 ,293 ,228 ,196 ,183 ,580 
Grampian,8,Persons,"98,966 ",982 ,"1,065 ","1,056 ","1,041 ","1,195 ","1,144 ","1,125 ","1,065 ","1,061 ","1,159 ","1,251 ","1,139 ","1,176 ","1,117 ","1,109 ","1,066 ","1,016 ","1,038 ",925 ,923 ,"1,012 ","1,118 ","1,121 ","1,095 ","1,120 ","1,112 ","1,188 ","1,204 ","1,304 ","1,238 ","1,303 ","1,401 ","1,402 ","1,309 ","1,357 ","1,444 ","1,345 ","1,370 ","1,401 ","1,394 ","1,378 ","1,285 ","1,214 ","1,261 ","1,244 ","1,201 ","1,353 ","1,398 ","1,377 ","1,514 ","1,442 ","1,437 ","1,420 ","1,466 ","1,528 ","1,460 ","1,525 ","1,483 ","1,461 ","1,383 ","1,265 ","1,263 ","1,213 ","1,212 ","1,155 ","1,174 ","1,132 ","1,170 ","1,069 ","1,060 ","1,054 ","1,053 ","1,058 ","1,246 ",849 ,741 ,720 ,613 ,620 ,527 ,538 ,484 ,448 ,373 ,353 ,341 ,297 ,228 ,207 ,176 ,606 
Grampian,9,Persons,"87,344 ",737 ,840 ,990 ,945 ,999 ,"1,007 ","1,070 ",954 ,"1,065 ","1,133 ","1,124 ","1,142 ","1,077 ","1,085 ","1,021 ","1,026 ",992 ,966 ,"1,089 ","1,077 ",972 ,856 ,826 ,974 ,896 ,861 ,971 ,923 ,"1,040 ","1,190 ","1,109 ","1,156 ","1,205 ","1,120 ","1,215 ","1,341 ","1,209 ","1,295 ","1,291 ","1,254 ","1,248 ","1,261 ","1,178 ","1,142 ","1,159 ","1,240 ","1,160 ","1,307 ","1,313 ","1,327 ","1,221 ","1,278 ","1,249 ","1,225 ","1,217 ","1,271 ","1,235 ","1,326 ","1,097 ","1,033 ","1,014 ","1,003 ","1,030 ","1,013 ","1,017 ",900 ,954 ,880 ,864 ,905 ,830 ,864 ,902 ,965 ,669 ,646 ,626 ,612 ,568 ,470 ,497 ,418 ,396 ,396 ,341 ,286 ,279 ,228 ,219 ,198 ,824 
Grampian,10,Persons,"87,189 ",750 ,741 ,764 ,822 ,956 ,863 ,910 ,877 ,996 ,"1,011 ","1,021 ",996 ,"1,022 ",978 ,941 ,918 ,898 ,854 ,670 ,651 ,682 ,886 ,923 ,"1,023 ",927 ,"1,022 ",973 ,"1,156 ","1,226 ","1,289 ","1,233 ","1,279 ","1,398 ","1,313 ","1,280 ","1,259 ","1,243 ","1,234 ","1,297 ","1,377 ","1,236 ","1,266 ","1,071 ","1,114 ","1,169 ","1,144 ","1,137 ","1,220 ","1,296 ","1,257 ","1,234 ","1,337 ","1,173 ","1,283 ","1,256 ","1,290 ","1,261 ","1,278 ","1,299 ","1,187 ","1,265 ","1,156 ","1,171 ","1,105 ","1,142 ",981 ,960 ,895 ,964 ,860 ,854 ,907 ,908 ,944 ,743 ,608 ,641 ,583 ,565 ,486 ,496 ,465 ,436 ,410 ,378 ,340 ,307 ,272 ,271 ,177 ,732 
Greater Glasgow and Clyde,1,Persons,"251,175 ","2,869 ","2,991 ","2,909 ","3,226 ","3,069 ","3,198 ","3,211 ","3,303 ","3,237 ","3,299 ","2,865 ","2,955 ","2,944 ","2,809 ","2,772 ","2,738 ","2,700 ","2,575 ","2,450 ","2,562 ","2,546 ","2,723 ","3,067 ","3,391 ","3,764 ","3,727 ","3,896 ","4,532 ","5,193 ","4,874 ","4,624 ","4,566 ","4,318 ","4,415 ","4,234 ","3,829 ","3,536 ","3,619 ","3,501 ","3,536 ","3,381 ","3,093 ","2,948 ","2,654 ","2,815 ","2,902 ","2,670 ","2,937 ","3,043 ","3,331 ","3,337 ","3,505 ","3,422 ","3,327 ","3,492 ","3,433 ","3,424 ","3,463 ","3,420 ","3,319 ","3,009 ","2,981 ","3,013 ","2,709 ","2,659 ","2,467 ","2,181 ","2,082 ","2,018 ","1,987 ","1,855 ","1,921 ","1,922 ","2,114 ","1,488 ","1,401 ","1,462 ","1,343 ","1,271 ","1,211 ","1,153 ","1,138 ","1,012 ",950 ,841 ,747 ,690 ,565 ,512 ,473 ,"1,511 "
Greater Glasgow and Clyde,2,Persons,"151,492 ","1,470 ","1,538 ","1,603 ","1,581 ","1,703 ","1,637 ","1,724 ","1,745 ","1,652 ","1,769 ","1,649 ","1,618 ","1,584 ","1,567 ","1,443 ","1,494 ","1,416 ","1,399 ","1,282 ","1,447 ","1,535 ","1,658 ","1,921 ","2,258 ","2,425 ","2,528 ","2,606 ","2,783 ","3,165 ","3,230 ","2,983 ","2,885 ","2,859 ","2,560 ","2,561 ","2,489 ","2,245 ","2,321 ","2,172 ","2,146 ","2,062 ","1,984 ","1,713 ","1,594 ","1,686 ","1,664 ","1,719 ","1,749 ","1,891 ","1,859 ","2,012 ","2,009 ","2,092 ","2,050 ","2,137 ","2,047 ","2,059 ","2,105 ","2,017 ","1,953 ","1,874 ","1,747 ","1,693 ","1,616 ","1,551 ","1,435 ","1,425 ","1,384 ","1,292 ","1,272 ","1,289 ","1,269 ","1,251 ","1,192 ",975 ,970 ,911 ,878 ,778 ,730 ,829 ,789 ,669 ,607 ,568 ,579 ,504 ,441 ,381 ,318 ,"1,222 "
Greater Glasgow and Clyde,3,Persons,"116,364 ","1,151 ","1,175 ","1,140 ","1,256 ","1,213 ","1,295 ","1,245 ","1,262 ","1,383 ","1,406 ","1,260 ","1,273 ","1,198 ","1,152 ","1,176 ","1,150 ","1,060 ","1,093 ","1,148 ","1,234 ","1,268 ","1,381 ","1,494 ","1,485 ","1,648 ","1,767 ","1,819 ","2,024 ","2,185 ","2,187 ","2,131 ","2,080 ","2,056 ","1,885 ","1,849 ","1,899 ","1,788 ","1,707 ","1,678 ","1,721 ","1,515 ","1,473 ","1,300 ","1,254 ","1,271 ","1,281 ","1,326 ","1,407 ","1,385 ","1,618 ","1,503 ","1,688 ","1,604 ","1,604 ","1,680 ","1,707 ","1,627 ","1,737 ","1,600 ","1,474 ","1,554 ","1,580 ","1,402 ","1,409 ","1,173 ","1,181 ","1,067 ","1,056 ","1,020 ","1,006 ",982 ,920 ,"1,025 ","1,036 ",783 ,744 ,772 ,673 ,647 ,619 ,613 ,650 ,561 ,548 ,475 ,447 ,353 ,342 ,314 ,243 ,793 
Greater Glasgow and Clyde,4,Persons,"96,170 ",855 ,939 ,876 ,906 ,958 ,980 ,981 ,955 ,"1,041 ","1,021 ",969 ,"1,005 ",987 ,852 ,931 ,921 ,929 ,913 ,"1,025 ","1,273 ","1,308 ","1,217 ","1,403 ","1,448 ","1,514 ","1,477 ","1,510 ","1,732 ","1,793 ","1,849 ","1,828 ","1,696 ","1,680 ","1,557 ","1,503 ","1,504 ","1,494 ","1,408 ","1,405 ","1,331 ","1,315 ","1,209 ","1,121 ","1,102 ","1,095 ","1,102 ","1,091 ","1,103 ","1,216 ","1,175 ","1,242 ","1,261 ","1,358 ","1,318 ","1,323 ","1,357 ","1,378 ","1,283 ","1,323 ","1,191 ","1,173 ","1,293 ","1,182 ","1,098 ","1,118 ",959 ,910 ,876 ,834 ,836 ,852 ,893 ,875 ,913 ,717 ,613 ,674 ,561 ,520 ,524 ,495 ,454 ,456 ,428 ,372 ,331 ,299 ,288 ,261 ,162 ,666 
Greater Glasgow and Clyde,5,Persons,"86,280 ",769 ,833 ,757 ,781 ,824 ,813 ,852 ,903 ,880 ,915 ,811 ,888 ,848 ,862 ,824 ,835 ,838 ,801 ,998 ,"1,288 ","1,284 ","1,268 ","1,299 ","1,262 ","1,379 ","1,453 ","1,446 ","1,543 ","1,707 ","1,628 ","1,543 ","1,525 ","1,379 ","1,417 ","1,372 ","1,294 ","1,285 ","1,351 ","1,248 ","1,181 ","1,129 ","1,023 ","1,010 ",956 ,"1,019 ",972 ,977 ,988 ,"1,021 ","1,157 ","1,075 ","1,142 ","1,233 ","1,203 ","1,243 ","1,224 ","1,142 ","1,113 ","1,150 ","1,179 ","1,020 ","1,072 ","1,007 ","1,009 ",997 ,912 ,912 ,764 ,776 ,756 ,739 ,690 ,710 ,739 ,602 ,556 ,568 ,524 ,436 ,408 ,382 ,378 ,382 ,358 ,351 ,317 ,277 ,265 ,210 ,211 ,812 
Greater Glasgow and Clyde,6,Persons,"67,235 ",474 ,488 ,472 ,516 ,526 ,521 ,512 ,533 ,540 ,525 ,567 ,533 ,580 ,566 ,511 ,544 ,514 ,530 ,744 ,"1,123 ","1,275 ","1,361 ","1,287 ","1,363 ","1,274 ","1,341 ","1,432 ","1,254 ","1,415 ","1,287 ","1,340 ","1,223 ","1,186 ","1,138 ",997 ,"1,012 ",963 ,946 ,880 ,906 ,847 ,847 ,783 ,691 ,703 ,711 ,729 ,758 ,819 ,858 ,856 ,849 ,874 ,934 ,872 ,903 ,939 ,998 ,966 ,970 ,847 ,865 ,815 ,741 ,753 ,744 ,681 ,659 ,604 ,634 ,581 ,591 ,604 ,617 ,465 ,465 ,453 ,415 ,383 ,337 ,309 ,313 ,287 ,311 ,221 ,238 ,216 ,186 ,153 ,159 ,482 
Greater Glasgow and Clyde,7,Persons,"80,019 ",667 ,733 ,746 ,726 ,714 ,702 ,717 ,775 ,818 ,846 ,738 ,792 ,838 ,737 ,806 ,701 ,708 ,707 ,699 ,873 ,962 ,"1,006 ","1,159 ","1,293 ","1,285 ","1,301 ","1,240 ","1,444 ","1,484 ","1,538 ","1,294 ","1,331 ","1,271 ","1,147 ","1,212 ","1,151 ","1,124 ","1,195 ","1,175 ","1,059 ","1,034 ","1,049 ",904 ,871 ,949 ,926 ,847 ,998 ,965 ,"1,067 ",990 ,"1,135 ","1,107 ","1,180 ","1,116 ","1,157 ","1,231 ","1,131 ","1,206 ","1,134 ","1,069 ","1,118 ","1,058 ",951 ,"1,001 ",879 ,902 ,764 ,732 ,837 ,790 ,708 ,802 ,816 ,603 ,586 ,538 ,534 ,459 ,428 ,443 ,402 ,403 ,371 ,331 ,286 ,252 ,210 ,217 ,155 ,663 
Greater Glasgow and Clyde,8,Persons,"90,049 ",793 ,852 ,892 ,872 ,916 ,925 ,944 ,976 ,964 ,966 ,943 ,921 ,913 ,911 ,857 ,892 ,866 ,876 ,803 ,983 ,"1,083 ","1,309 ","1,348 ","1,296 ","1,280 ","1,216 ","1,353 ","1,379 ","1,411 ","1,244 ","1,267 ","1,245 ","1,238 ","1,272 ","1,271 ","1,234 ","1,131 ","1,211 ","1,196 ","1,171 ","1,186 ","1,217 ",996 ,"1,050 ","1,045 ",986 ,"1,172 ","1,155 ","1,273 ","1,237 ","1,328 ","1,276 ","1,324 ","1,329 ","1,307 ","1,352 ","1,362 ","1,335 ","1,427 ","1,360 ","1,283 ","1,247 ","1,172 ","1,157 ","1,133 ","1,027 ",963 ,972 ,843 ,878 ,884 ,856 ,846 ,926 ,676 ,638 ,595 ,623 ,515 ,503 ,453 ,466 ,455 ,450 ,404 ,356 ,296 ,228 ,247 ,206 ,814 
Greater Glasgow and Clyde,9,Persons,"124,080 ","1,046 ","1,081 ","1,190 ","1,249 ","1,278 ","1,258 ","1,343 ","1,306 ","1,375 ","1,363 ","1,240 ","1,300 ","1,319 ","1,181 ","1,215 ","1,247 ","1,223 ","1,180 ","1,214 ","1,487 ","1,853 ","1,856 ","2,046 ","2,266 ","2,072 ","1,913 ","1,762 ","1,800 ","1,899 ","1,703 ","1,710 ","1,725 ","1,784 ","1,751 ","1,624 ","1,599 ","1,610 ","1,609 ","1,612 ","1,687 ","1,700 ","1,557 ","1,522 ","1,382 ","1,508 ","1,421 ","1,392 ","1,568 ","1,693 ","1,648 ","1,682 ","1,625 ","1,744 ","1,704 ","1,758 ","1,779 ","1,866 ","1,745 ","1,732 ","1,709 ","1,588 ","1,639 ","1,509 ","1,550 ","1,545 ","1,510 ","1,350 ","1,368 ","1,240 ","1,265 ","1,195 ","1,210 ","1,253 ","1,266 ","1,004 ",971 ,963 ,869 ,736 ,638 ,651 ,668 ,617 ,562 ,508 ,478 ,370 ,355 ,337 ,268 ,886 
Greater Glasgow and Clyde,10,Persons,"122,376 ",949 ,"1,006 ","1,074 ","1,128 ","1,201 ","1,248 ","1,360 ","1,292 ","1,371 ","1,436 ","1,450 ","1,304 ","1,380 ","1,404 ","1,305 ","1,324 ","1,357 ","1,314 ","1,403 ","1,536 ","1,690 ","1,789 ","1,797 ","2,028 ","1,873 ","1,652 ","1,592 ","1,432 ","1,499 ","1,551 ","1,483 ","1,437 ","1,467 ","1,278 ","1,387 ","1,295 ","1,313 ","1,327 ","1,389 ","1,507 ","1,450 ","1,496 ","1,353 ","1,340 ","1,433 ","1,410 ","1,497 ","1,571 ","1,631 ","1,707 ","1,690 ","1,828 ","1,848 ","1,922 ","1,741 ","1,878 ","1,927 ","1,838 ","1,834 ","1,823 ","1,724 ","1,628 ","1,587 ","1,564 ","1,539 ","1,421 ","1,472 ","1,366 ","1,323 ","1,342 ","1,335 ","1,446 ","1,333 ","1,522 ","1,058 ","1,095 ","1,069 ",966 ,759 ,833 ,741 ,724 ,689 ,619 ,535 ,500 ,472 ,349 ,357 ,263 ,900 
Highland,1,Persons,"11,612 ",121 ,149 ,154 ,121 ,143 ,144 ,122 ,133 ,177 ,169 ,161 ,170 ,152 ,130 ,127 ,130 ,145 ,135 ,132 ,122 ,139 ,135 ,135 ,173 ,175 ,156 ,154 ,149 ,157 ,187 ,167 ,168 ,145 ,183 ,192 ,185 ,148 ,160 ,155 ,140 ,135 ,152 ,133 ,126 ,164 ,112 ,137 ,133 ,151 ,157 ,135 ,153 ,155 ,166 ,171 ,172 ,161 ,118 ,150 ,156 ,149 ,141 ,154 ,133 ,132 ,140 ,134 ,92 ,125 ,106 ,99 ,114 ,110 ,84 ,103 ,71 ,77 ,69 ,82 ,69 ,64 ,45 ,46 ,37 ,44 ,46 ,28 ,17 ,27 ,17 ,80 
Highland,2,Persons,"16,903 ",156 ,194 ,216 ,219 ,225 ,194 ,215 ,209 ,195 ,184 ,219 ,221 ,219 ,190 ,183 ,172 ,196 ,183 ,199 ,211 ,169 ,192 ,193 ,219 ,203 ,216 ,227 ,209 ,202 ,201 ,180 ,189 ,205 ,210 ,258 ,229 ,216 ,228 ,187 ,213 ,187 ,224 ,205 ,164 ,197 ,196 ,202 ,207 ,235 ,240 ,202 ,236 ,259 ,257 ,246 ,246 ,248 ,261 ,241 ,184 ,250 ,239 ,227 ,211 ,195 ,178 ,185 ,199 ,172 ,165 ,187 ,175 ,174 ,207 ,94 ,115 ,121 ,128 ,120 ,106 ,95 ,86 ,103 ,90 ,75 ,81 ,59 ,54 ,41 ,47 ,141 
Highland,3,Persons,"20,880 ",192 ,196 ,170 ,223 ,235 ,251 ,211 ,272 ,242 ,248 ,217 ,243 ,270 ,248 ,239 ,255 ,227 ,225 ,226 ,200 ,179 ,207 ,220 ,236 ,242 ,249 ,260 ,246 ,271 ,270 ,283 ,257 ,216 ,266 ,248 ,222 ,223 ,241 ,264 ,258 ,253 ,230 ,230 ,198 ,232 ,234 ,251 ,252 ,238 ,242 ,295 ,277 ,287 ,286 ,293 ,357 ,362 ,272 ,264 ,279 ,292 ,303 ,314 ,295 ,301 ,245 ,267 ,250 ,227 ,242 ,248 ,241 ,234 ,282 ,190 ,179 ,184 ,172 ,166 ,138 ,166 ,135 ,135 ,127 ,125 ,119 ,98 ,82 ,71 ,58 ,214 
Highland,4,Persons,"30,819 ",248 ,285 ,281 ,283 ,319 ,332 ,284 ,286 ,361 ,287 ,320 ,339 ,321 ,310 ,321 ,307 ,317 ,307 ,291 ,262 ,303 ,325 ,309 ,328 ,367 ,348 ,398 ,337 ,362 ,341 ,365 ,359 ,345 ,379 ,317 ,346 ,361 ,342 ,366 ,394 ,356 ,308 ,294 ,317 ,315 ,393 ,350 ,391 ,368 ,453 ,443 ,435 ,468 ,491 ,459 ,493 ,545 ,499 ,499 ,491 ,449 ,466 ,464 ,460 ,428 ,399 ,370 ,432 ,399 ,397 ,395 ,404 ,392 ,411 ,323 ,296 ,285 ,297 ,251 ,228 ,260 ,232 ,183 ,168 ,153 ,137 ,133 ,100 ,97 ,71 ,318 
Highland,5,Persons,"49,913 ",399 ,362 ,404 ,424 ,428 ,478 ,452 ,489 ,487 ,528 ,515 ,579 ,531 ,536 ,503 ,516 ,536 ,504 ,439 ,467 ,398 ,482 ,458 ,513 ,430 ,477 ,515 ,495 ,502 ,473 ,455 ,501 ,542 ,497 ,542 ,537 ,602 ,566 ,494 ,572 ,569 ,535 ,479 ,536 ,547 ,574 ,559 ,583 ,636 ,744 ,673 ,800 ,758 ,758 ,794 ,852 ,887 ,853 ,857 ,868 ,765 ,773 ,797 ,713 ,769 ,709 ,737 ,688 ,693 ,738 ,694 ,731 ,749 ,731 ,602 ,548 ,581 ,519 ,447 ,404 ,387 ,344 ,347 ,310 ,255 ,234 ,220 ,179 ,195 ,130 ,434 
Highland,6,Persons,"65,298 ",489 ,474 ,525 ,526 ,575 ,579 ,622 ,625 ,628 ,667 ,638 ,725 ,733 ,743 ,711 ,687 ,701 ,703 ,639 ,573 ,541 ,616 ,603 ,517 ,539 ,627 ,609 ,582 ,546 ,573 ,586 ,567 ,617 ,604 ,596 ,665 ,646 ,688 ,749 ,738 ,732 ,633 ,629 ,693 ,700 ,704 ,644 ,816 ,956 ,954 ,"1,005 ",955 ,"1,063 ","1,073 ","1,176 ","1,196 ","1,131 ","1,131 ","1,066 ","1,166 ","1,086 ","1,059 ","1,041 ","1,081 ",973 ,"1,004 ",960 ,"1,031 ",962 ,985 ,961 ,"1,007 ",988 ,"1,007 ",736 ,726 ,685 ,663 ,589 ,478 ,531 ,487 ,418 ,417 ,370 ,335 ,281 ,259 ,219 ,196 ,568 
Highland,7,Persons,"60,903 ",494 ,501 ,495 ,546 ,551 ,577 ,576 ,580 ,616 ,672 ,643 ,672 ,651 ,626 ,693 ,705 ,656 ,589 ,643 ,569 ,572 ,572 ,553 ,523 ,562 ,548 ,573 ,622 ,533 ,577 ,546 ,574 ,585 ,633 ,609 ,665 ,702 ,629 ,651 ,700 ,736 ,707 ,693 ,642 ,714 ,790 ,772 ,804 ,859 ,946 ,916 ,877 ,"1,037 ",992 ,938 ,"1,053 ",998 ,"1,039 ","1,009 ",999 ,918 ,932 ,867 ,868 ,882 ,843 ,863 ,823 ,869 ,837 ,796 ,797 ,880 ,914 ,712 ,645 ,682 ,643 ,519 ,474 ,420 ,420 ,412 ,313 ,334 ,274 ,229 ,238 ,202 ,178 ,614 
Highland,8,Persons,"38,537 ",279 ,340 ,332 ,343 ,385 ,411 ,360 ,397 ,409 ,424 ,392 ,402 ,439 ,387 ,429 ,439 ,392 ,421 ,365 ,315 ,341 ,352 ,377 ,372 ,382 ,416 ,423 ,396 ,387 ,402 ,412 ,432 ,445 ,430 ,458 ,420 ,488 ,413 ,513 ,548 ,480 ,467 ,459 ,436 ,457 ,476 ,494 ,560 ,557 ,517 ,567 ,576 ,588 ,558 ,658 ,604 ,610 ,580 ,575 ,599 ,586 ,568 ,523 ,537 ,560 ,506 ,525 ,441 ,452 ,456 ,468 ,504 ,533 ,525 ,429 ,345 ,416 ,341 ,313 ,285 ,277 ,255 ,268 ,190 ,183 ,200 ,187 ,147 ,141 ,115 ,375 
Highland,9,Persons,"14,835 ",94 ,77 ,99 ,123 ,106 ,124 ,142 ,141 ,164 ,160 ,187 ,175 ,178 ,175 ,178 ,169 ,174 ,149 ,158 ,140 ,111 ,142 ,161 ,123 ,162 ,125 ,157 ,110 ,97 ,118 ,123 ,126 ,153 ,154 ,131 ,131 ,170 ,141 ,170 ,197 ,175 ,171 ,156 ,168 ,159 ,172 ,180 ,209 ,250 ,208 ,229 ,221 ,241 ,247 ,263 ,293 ,231 ,237 ,224 ,240 ,257 ,220 ,196 ,212 ,217 ,204 ,184 ,217 ,176 ,184 ,198 ,213 ,237 ,208 ,176 ,148 ,177 ,144 ,132 ,134 ,119 ,121 ,88 ,91 ,105 ,110 ,71 ,56 ,49 ,51 ,151 
Highland,10,Persons,"11,160 ",57 ,62 ,63 ,76 ,58 ,93 ,78 ,86 ,77 ,90 ,79 ,113 ,100 ,100 ,89 ,100 ,100 ,92 ,162 ,210 ,259 ,224 ,245 ,224 ,180 ,182 ,153 ,146 ,170 ,133 ,100 ,102 ,74 ,105 ,132 ,131 ,136 ,174 ,147 ,199 ,152 ,123 ,127 ,111 ,114 ,101 ,122 ,132 ,127 ,113 ,146 ,147 ,129 ,194 ,167 ,151 ,169 ,177 ,159 ,146 ,150 ,150 ,156 ,164 ,160 ,130 ,139 ,128 ,148 ,143 ,134 ,140 ,144 ,155 ,118 ,110 ,107 ,92 ,87 ,66 ,60 ,69 ,75 ,67 ,62 ,44 ,37 ,37 ,28 ,32 ,120 
Lanarkshire,1,Persons,"71,947 ",764 ,800 ,792 ,851 ,870 ,861 ,857 ,907 ,866 ,882 ,825 ,899 ,872 ,833 ,857 ,815 ,804 ,792 ,788 ,867 ,822 ,901 ,974 ,975 ,890 ,981 ,"1,000 ","1,050 ","1,166 ","1,075 ",951 ,857 ,979 ,"1,024 ",928 ,982 ,982 ,947 ,"1,024 ",944 ,948 ,831 ,774 ,756 ,845 ,866 ,912 ,940 ,954 ,"1,040 ",954 ,"1,077 ","1,029 ","1,005 ","1,037 ","1,068 ","1,027 ",965 ,"1,045 ","1,019 ",917 ,942 ,814 ,873 ,812 ,804 ,784 ,651 ,654 ,624 ,710 ,650 ,658 ,671 ,529 ,493 ,497 ,466 ,470 ,412 ,381 ,358 ,339 ,310 ,295 ,234 ,210 ,176 ,160 ,146 ,561 
Lanarkshire,2,Persons,"98,721 ","1,002 ","1,029 ","1,056 ","1,044 ","1,094 ","1,160 ","1,104 ","1,120 ","1,233 ","1,209 ","1,167 ","1,166 ","1,247 ","1,165 ","1,178 ","1,217 ","1,181 ","1,131 ","1,097 ","1,076 ","1,111 ","1,208 ","1,163 ","1,220 ","1,291 ","1,381 ","1,264 ","1,368 ","1,276 ","1,305 ","1,202 ","1,356 ","1,275 ","1,263 ","1,268 ","1,268 ","1,240 ","1,326 ","1,229 ","1,321 ","1,306 ","1,158 ","1,111 ","1,079 ","1,178 ","1,088 ","1,071 ","1,332 ","1,301 ","1,339 ","1,333 ","1,467 ","1,495 ","1,517 ","1,444 ","1,502 ","1,397 ","1,403 ","1,472 ","1,384 ","1,352 ","1,264 ","1,318 ","1,288 ","1,186 ","1,077 ","1,118 ","1,075 ",968 ,995 ,"1,006 ","1,032 ",978 ,"1,083 ",813 ,744 ,725 ,686 ,622 ,539 ,576 ,513 ,513 ,450 ,421 ,377 ,305 ,242 ,224 ,178 ,665 
Lanarkshire,3,Persons,"88,779 ",815 ,896 ,937 ,909 ,949 ,943 ,964 ,"1,016 ",964 ,"1,029 ",973 ,"1,012 ","1,004 ","1,011 ",919 ,999 ,885 ,868 ,978 ,943 ,986 ,"1,032 ",973 ,"1,060 ","1,149 ",981 ,"1,095 ","1,123 ","1,176 ","1,190 ","1,123 ","1,039 ","1,154 ","1,057 ","1,123 ","1,101 ","1,145 ","1,052 ","1,107 ","1,149 ","1,073 ","1,037 ",987 ,919 ,"1,060 ","1,100 ","1,162 ","1,108 ","1,300 ","1,240 ","1,321 ","1,326 ","1,268 ","1,341 ","1,359 ","1,310 ","1,315 ","1,310 ","1,280 ","1,232 ","1,236 ","1,148 ","1,169 ","1,127 ","1,157 ","1,075 ","1,061 ","1,114 ","1,016 ","1,013 ",975 ,979 ,962 ,"1,038 ",811 ,725 ,773 ,760 ,665 ,580 ,586 ,534 ,543 ,427 ,396 ,359 ,302 ,280 ,231 ,220 ,640 
Lanarkshire,4,Persons,"78,853 ",741 ,804 ,832 ,800 ,873 ,806 ,842 ,827 ,886 ,871 ,865 ,899 ,938 ,894 ,821 ,810 ,870 ,762 ,754 ,818 ,860 ,873 ,887 ,948 ,988 ,955 ,970 ,942 ,"1,097 ","1,018 ","1,000 ","1,004 ","1,075 ","1,013 ","1,086 ","1,077 ",998 ,"1,041 ","1,084 ","1,090 ","1,017 ",998 ,924 ,839 ,896 ,911 ,932 ,999 ,"1,059 ","1,081 ","1,125 ","1,168 ","1,251 ","1,161 ","1,130 ","1,168 ","1,285 ","1,239 ","1,224 ","1,163 ","1,196 ","1,096 ","1,081 ","1,030 ",944 ,917 ,975 ,873 ,892 ,740 ,807 ,843 ,843 ,793 ,696 ,601 ,648 ,608 ,557 ,498 ,493 ,482 ,428 ,420 ,385 ,324 ,262 ,265 ,190 ,142 ,535 
Lanarkshire,5,Persons,"61,836 ",574 ,551 ,625 ,568 ,615 ,636 ,633 ,692 ,631 ,701 ,624 ,666 ,711 ,724 ,674 ,698 ,677 ,661 ,706 ,658 ,630 ,738 ,681 ,756 ,611 ,661 ,743 ,744 ,709 ,745 ,695 ,681 ,755 ,730 ,733 ,696 ,734 ,779 ,801 ,819 ,772 ,714 ,699 ,707 ,835 ,776 ,779 ,857 ,816 ,948 ,949 ,967 ,979 ,966 ,894 ,"1,028 ",981 ,997 ,986 ,919 ,913 ,901 ,953 ,789 ,801 ,743 ,738 ,733 ,681 ,694 ,668 ,663 ,687 ,725 ,539 ,518 ,566 ,527 ,429 ,402 ,395 ,380 ,356 ,319 ,295 ,264 ,195 ,226 ,154 ,118 ,429 
Lanarkshire,6,Persons,"47,819 ",429 ,389 ,442 ,475 ,462 ,485 ,463 ,448 ,506 ,539 ,501 ,532 ,480 ,545 ,526 ,504 ,503 ,504 ,487 ,466 ,493 ,531 ,445 ,523 ,530 ,518 ,551 ,568 ,541 ,537 ,532 ,535 ,571 ,487 ,579 ,584 ,601 ,613 ,560 ,584 ,628 ,551 ,584 ,560 ,558 ,621 ,559 ,610 ,706 ,729 ,729 ,772 ,766 ,777 ,783 ,820 ,814 ,769 ,726 ,727 ,746 ,695 ,687 ,694 ,648 ,623 ,609 ,635 ,563 ,553 ,561 ,521 ,545 ,588 ,417 ,378 ,400 ,407 ,350 ,327 ,295 ,319 ,298 ,225 ,217 ,215 ,177 ,140 ,150 ,137 ,341 
Lanarkshire,7,Persons,"58,497 ",587 ,686 ,613 ,649 ,655 ,660 ,671 ,648 ,647 ,711 ,665 ,735 ,675 ,595 ,631 ,625 ,623 ,652 ,561 ,617 ,618 ,647 ,625 ,676 ,571 ,613 ,678 ,711 ,775 ,696 ,642 ,733 ,722 ,747 ,787 ,803 ,696 ,756 ,791 ,891 ,860 ,833 ,772 ,703 ,765 ,754 ,755 ,815 ,933 ,936 ,902 ,992 ,911 ,994 ,947 ,932 ,919 ,940 ,940 ,864 ,778 ,827 ,732 ,763 ,697 ,689 ,697 ,560 ,579 ,569 ,581 ,612 ,660 ,644 ,495 ,436 ,433 ,385 ,329 ,323 ,302 ,287 ,237 ,204 ,196 ,147 ,160 ,136 ,127 ,86 ,275 
Lanarkshire,8,Persons,"62,693 ",659 ,671 ,734 ,741 ,812 ,832 ,750 ,805 ,814 ,820 ,797 ,847 ,788 ,786 ,798 ,704 ,724 ,680 ,591 ,665 ,663 ,649 ,590 ,661 ,639 ,661 ,696 ,613 ,702 ,657 ,692 ,736 ,704 ,711 ,862 ,845 ,904 ,910 ,963 ,"1,037 ","1,026 ",938 ,903 ,843 ,911 ,898 ,956 ,917 ,"1,059 ",980 ,"1,040 ",990 ,"1,072 ",994 ,940 ,985 ,"1,000 ","1,016 ",872 ,845 ,846 ,780 ,762 ,690 ,764 ,682 ,653 ,625 ,611 ,540 ,531 ,579 ,551 ,575 ,426 ,405 ,361 ,358 ,302 ,265 ,297 ,225 ,269 ,218 ,231 ,183 ,154 ,152 ,128 ,118 ,314 
Lanarkshire,9,Persons,"70,062 ",575 ,650 ,644 ,702 ,687 ,750 ,719 ,778 ,845 ,807 ,890 ,815 ,916 ,883 ,883 ,849 ,868 ,781 ,786 ,736 ,764 ,794 ,790 ,826 ,762 ,698 ,729 ,659 ,684 ,670 ,681 ,662 ,692 ,718 ,737 ,765 ,781 ,823 ,932 ,901 ,925 ,943 ,869 ,854 ,902 ,922 ,969 ,988 ,"1,076 ","1,160 ","1,117 ","1,105 ","1,192 ","1,220 ","1,146 ","1,246 ","1,248 ","1,149 ","1,123 ","1,103 ","1,078 ","1,070 ",942 ,996 ,985 ,953 ,891 ,885 ,804 ,778 ,753 ,677 ,776 ,780 ,575 ,557 ,529 ,496 ,403 ,372 ,354 ,389 ,339 ,293 ,281 ,209 ,183 ,188 ,121 ,118 ,398 
Lanarkshire,10,Persons,"22,753 ",206 ,200 ,200 ,248 ,232 ,253 ,220 ,258 ,267 ,270 ,272 ,305 ,276 ,295 ,254 ,228 ,304 ,233 ,221 ,252 ,233 ,266 ,242 ,267 ,228 ,208 ,244 ,232 ,254 ,198 ,203 ,220 ,219 ,192 ,223 ,251 ,219 ,211 ,302 ,310 ,321 ,279 ,280 ,293 ,308 ,335 ,330 ,304 ,396 ,392 ,375 ,360 ,393 ,366 ,391 ,381 ,400 ,371 ,352 ,381 ,331 ,366 ,314 ,320 ,296 ,278 ,259 ,291 ,286 ,283 ,252 ,234 ,305 ,277 ,209 ,174 ,220 ,161 ,141 ,127 ,107 ,113 ,113 ,90 ,93 ,64 ,81 ,50 ,46 ,42 ,106 
Lothian,1,Persons,"35,626 ",448 ,454 ,495 ,495 ,527 ,531 ,508 ,530 ,506 ,521 ,432 ,554 ,536 ,500 ,487 ,414 ,405 ,382 ,384 ,335 ,340 ,375 ,445 ,429 ,481 ,518 ,549 ,602 ,658 ,658 ,632 ,614 ,587 ,604 ,541 ,650 ,603 ,477 ,507 ,517 ,513 ,595 ,471 ,488 ,475 ,427 ,443 ,447 ,450 ,459 ,456 ,434 ,453 ,474 ,455 ,466 ,455 ,408 ,399 ,424 ,360 ,365 ,367 ,319 ,299 ,288 ,298 ,249 ,272 ,225 ,271 ,228 ,299 ,257 ,248 ,190 ,162 ,156 ,128 ,133 ,133 ,121 ,130 ,100 ,110 ,85 ,56 ,67 ,61 ,62 ,164 
Lothian,2,Persons,"65,316 ",715 ,756 ,805 ,866 ,859 ,856 ,843 ,925 ,871 ,977 ,871 ,912 ,881 ,813 ,791 ,785 ,752 ,686 ,694 ,735 ,774 ,796 ,783 ,857 ,958 ,894 ,972 ,"1,088 ","1,212 ","1,144 ","1,098 ","1,202 ","1,185 ","1,141 ","1,059 ","1,079 ",994 ,"1,054 ","1,020 ",985 ,904 ,866 ,833 ,815 ,780 ,797 ,813 ,764 ,790 ,884 ,781 ,829 ,815 ,799 ,817 ,814 ,800 ,823 ,800 ,740 ,732 ,728 ,650 ,673 ,609 ,585 ,559 ,517 ,546 ,534 ,492 ,494 ,486 ,476 ,368 ,334 ,387 ,324 ,287 ,266 ,289 ,264 ,246 ,221 ,203 ,173 ,169 ,139 ,129 ,97 ,387 
Lothian,3,Persons,"94,526 ",981 ,"1,013 ","1,083 ","1,046 ","1,125 ","1,146 ","1,105 ","1,083 ","1,197 ","1,203 ","1,112 ","1,131 ","1,075 ","1,000 ","1,073 ",963 ,"1,002 ",940 ,899 ,866 ,892 ,"1,057 ","1,033 ","1,243 ","1,246 ","1,366 ","1,462 ","1,521 ","1,739 ","1,703 ","1,678 ","1,629 ","1,568 ","1,448 ","1,502 ","1,448 ","1,354 ","1,483 ","1,481 ","1,310 ","1,324 ","1,230 ","1,069 ","1,028 ","1,176 ","1,087 ","1,139 ","1,233 ","1,235 ","1,271 ","1,229 ","1,274 ","1,318 ","1,279 ","1,218 ","1,314 ","1,199 ","1,220 ","1,249 ","1,205 ","1,135 ","1,100 ","1,056 ","1,102 ",944 ,899 ,899 ,826 ,840 ,836 ,835 ,827 ,922 ,872 ,721 ,648 ,654 ,619 ,569 ,557 ,496 ,472 ,445 ,394 ,382 ,344 ,280 ,231 ,243 ,200 ,675 
Lothian,4,Persons,"93,731 ",843 ,858 ,933 ,882 ,924 ,921 ,967 ,947 ,"1,001 ",950 ,973 ,985 ,"1,051 ",916 ,874 ,844 ,844 ,804 ,963 ,"1,069 ","1,127 ","1,234 ","1,385 ","1,708 ","1,650 ","1,557 ","1,720 ","1,723 ","1,810 ","1,897 ","1,774 ","1,759 ","1,822 ","1,551 ","1,742 ","1,546 ","1,403 ","1,464 ","1,411 ","1,394 ","1,222 ","1,188 ","1,111 ","1,036 ","1,118 ","1,139 ","1,184 ","1,185 ","1,199 ","1,170 ","1,210 ","1,086 ","1,383 ","1,241 ","1,132 ","1,262 ","1,217 ","1,238 ","1,148 ","1,095 ","1,117 ","1,045 ","1,016 ",976 ,905 ,829 ,894 ,840 ,805 ,857 ,820 ,887 ,804 ,911 ,653 ,681 ,648 ,533 ,482 ,454 ,448 ,460 ,422 ,381 ,320 ,296 ,284 ,231 ,204 ,175 ,563 
Lothian,5,Persons,"67,610 ",593 ,561 ,581 ,613 ,614 ,654 ,677 ,695 ,640 ,657 ,621 ,610 ,596 ,557 ,548 ,543 ,497 ,469 ,451 ,595 ,818 ,926 ,978 ,"1,042 ","1,051 ","1,133 ","1,249 ","1,289 ","1,351 ","1,420 ","1,412 ","1,375 ","1,297 ","1,302 ","1,240 ","1,218 ","1,187 ","1,070 ","1,162 ",938 ,"1,007 ",892 ,837 ,799 ,856 ,828 ,762 ,849 ,884 ,885 ,780 ,892 ,920 ,903 ,837 ,844 ,847 ,900 ,870 ,890 ,793 ,802 ,744 ,696 ,714 ,707 ,677 ,637 ,632 ,611 ,552 ,639 ,626 ,724 ,484 ,421 ,435 ,441 ,401 ,353 ,330 ,326 ,317 ,256 ,282 ,270 ,228 ,184 ,163 ,137 ,516 
Lothian,6,Persons,"89,067 ",762 ,812 ,824 ,867 ,860 ,856 ,960 ,907 ,947 ,987 ,836 ,927 ,860 ,799 ,771 ,831 ,742 ,775 ,979 ,"1,361 ","1,598 ","1,483 ","1,556 ","1,687 ","1,519 ","1,540 ","1,574 ","1,460 ","1,483 ","1,587 ","1,453 ","1,415 ","1,567 ","1,445 ","1,288 ","1,391 ","1,271 ","1,428 ","1,311 ","1,258 ","1,149 ","1,142 ","1,094 ","1,057 ","1,004 ","1,052 ","1,057 ","1,121 ","1,227 ","1,246 ","1,179 ","1,134 ","1,241 ","1,252 ","1,211 ","1,223 ","1,199 ","1,201 ","1,159 ","1,105 ","1,017 ","1,122 ","1,049 ",987 ,976 ,875 ,795 ,826 ,819 ,806 ,775 ,777 ,815 ,867 ,637 ,574 ,597 ,494 ,495 ,447 ,428 ,377 ,342 ,304 ,313 ,244 ,238 ,182 ,188 ,149 ,522 
Lothian,7,Persons,"77,770 ",747 ,759 ,766 ,798 ,758 ,780 ,768 ,775 ,740 ,801 ,705 ,792 ,700 ,682 ,615 ,630 ,597 ,583 ,639 ,807 ,914 ,867 ,"1,105 ","1,192 ","1,292 ","1,216 ","1,420 ","1,546 ","1,727 ","1,855 ","1,659 ","1,744 ","1,701 ","1,523 ","1,578 ","1,407 ","1,431 ","1,389 ","1,282 ","1,220 ","1,202 ","1,146 ","1,006 ","1,076 ",979 ,943 ,923 ,937 ,993 ,965 ,925 ,972 ,"1,014 ","1,020 ","1,002 ","1,010 ",991 ,934 ,"1,003 ",855 ,889 ,886 ,834 ,773 ,795 ,678 ,687 ,657 ,644 ,624 ,608 ,635 ,635 ,660 ,497 ,491 ,415 ,422 ,371 ,360 ,310 ,275 ,296 ,277 ,233 ,223 ,205 ,187 ,138 ,156 ,503 
Lothian,8,Persons,"96,975 ","1,049 ","1,083 ","1,127 ","1,160 ","1,145 ","1,200 ","1,169 ","1,067 ","1,106 ","1,182 ","1,139 ","1,068 ","1,113 ","1,022 ",953 ,886 ,866 ,778 ,715 ,892 ,"1,006 ","1,156 ","1,221 ","1,201 ","1,207 ","1,211 ","1,261 ","1,451 ","1,517 ","1,566 ","1,542 ","1,523 ","1,589 ","1,617 ","1,562 ","1,527 ","1,539 ","1,536 ","1,566 ","1,534 ","1,468 ","1,516 ","1,265 ","1,272 ","1,323 ","1,209 ","1,303 ","1,347 ","1,354 ","1,274 ","1,246 ","1,353 ","1,245 ","1,378 ","1,252 ","1,353 ","1,233 ","1,390 ","1,277 ","1,280 ","1,208 ","1,166 ","1,150 ","1,090 ","1,016 ",942 ,968 ,938 ,873 ,865 ,887 ,886 ,919 ,"1,010 ",749 ,680 ,659 ,600 ,565 ,461 ,413 ,472 ,429 ,373 ,358 ,289 ,280 ,239 ,235 ,211 ,654 
Lothian,9,Persons,"95,789 ",749 ,868 ,885 ,900 ,933 ,961 ,998 ,"1,013 ","1,032 ","1,102 ",972 ,"1,065 ","1,042 ",948 ,968 ,946 ,887 ,799 ,731 ,837 ,"1,225 ","1,404 ","1,441 ","1,306 ","1,444 ","1,454 ","1,553 ","1,511 ","1,577 ","1,811 ","1,698 ","1,706 ","1,528 ","1,435 ","1,463 ","1,409 ","1,377 ","1,405 ","1,408 ","1,365 ","1,444 ","1,296 ","1,256 ","1,257 ","1,218 ","1,282 ","1,354 ","1,297 ","1,318 ","1,385 ","1,383 ","1,312 ","1,359 ","1,351 ","1,280 ","1,378 ","1,278 ","1,321 ","1,162 ","1,207 ","1,180 ","1,100 ","1,097 ","1,070 ",990 ,999 ,938 ,933 ,890 ,801 ,849 ,924 ,910 ,"1,002 ",690 ,602 ,599 ,627 ,508 ,533 ,476 ,432 ,431 ,373 ,342 ,325 ,328 ,258 ,253 ,210 ,825 
Lothian,10,Persons,"196,080 ","1,301 ","1,498 ","1,558 ","1,587 ","1,823 ","1,822 ","1,917 ","1,973 ","1,942 ","2,182 ","2,095 ","2,122 ","2,192 ","2,150 ","2,106 ","2,012 ","2,009 ","2,017 ","2,254 ","2,818 ","2,889 ","3,037 ","3,166 ","3,235 ","2,997 ","2,845 ","2,740 ","2,801 ","2,844 ","2,965 ","2,929 ","2,875 ","2,661 ","2,635 ","2,364 ","2,434 ","2,393 ","2,362 ","2,327 ","2,403 ","2,466 ","2,478 ","2,355 ","2,348 ","2,339 ","2,564 ","2,492 ","2,490 ","2,673 ","2,846 ","2,602 ","2,731 ","2,694 ","2,662 ","2,735 ","2,740 ","2,740 ","2,740 ","2,520 ","2,630 ","2,515 ","2,378 ","2,321 ","2,373 ","2,192 ","2,043 ","2,119 ","2,128 ","2,033 ","2,006 ","2,102 ","1,990 ","2,060 ","2,358 ","1,694 ","1,581 ","1,529 ","1,432 ","1,287 ","1,141 ","1,172 ","1,166 ","1,109 ",978 ,969 ,882 ,738 ,658 ,611 ,548 ,"1,842 "
Orkney,1,Persons,0 ,0 ,0 ,0 ,0 ,0 ,0 ,0 ,0 ,0 ,0 ,0 ,0 ,0 ,0 ,0 ,0 ,0 ,0 ,0 ,0 ,0 ,0 ,0 ,0 ,0 ,0 ,0 ,0 ,0 ,0 ,0 ,0 ,0 ,0 ,0 ,0 ,0 ,0 ,0 ,0 ,0 ,0 ,0 ,0 ,0 ,0 ,0 ,0 ,0 ,0 ,0 ,0 ,0 ,0 ,0 ,0 ,0 ,0 ,0 ,0 ,0 ,0 ,0 ,0 ,0 ,0 ,0 ,0 ,0 ,0 ,0 ,0 ,0 ,0 ,0 ,0 ,0 ,0 ,0 ,0 ,0 ,0 ,0 ,0 ,0 ,0 ,0 ,0 ,0 ,0 ,0 
Orkney,2,Persons,0 ,0 ,0 ,0 ,0 ,0 ,0 ,0 ,0 ,0 ,0 ,0 ,0 ,0 ,0 ,0 ,0 ,0 ,0 ,0 ,0 ,0 ,0 ,0 ,0 ,0 ,0 ,0 ,0 ,0 ,0 ,0 ,0 ,0 ,0 ,0 ,0 ,0 ,0 ,0 ,0 ,0 ,0 ,0 ,0 ,0 ,0 ,0 ,0 ,0 ,0 ,0 ,0 ,0 ,0 ,0 ,0 ,0 ,0 ,0 ,0 ,0 ,0 ,0 ,0 ,0 ,0 ,0 ,0 ,0 ,0 ,0 ,0 ,0 ,0 ,0 ,0 ,0 ,0 ,0 ,0 ,0 ,0 ,0 ,0 ,0 ,0 ,0 ,0 ,0 ,0 ,0 
Orkney,3,Persons,420 ,5 ,0 ,3 ,2 ,1 ,5 ,4 ,5 ,3 ,7 ,3 ,5 ,4 ,0 ,4 ,2 ,5 ,6 ,1 ,7 ,10 ,9 ,4 ,9 ,15 ,9 ,10 ,16 ,10 ,5 ,20 ,5 ,3 ,3 ,5 ,3 ,4 ,1 ,8 ,3 ,0 ,7 ,2 ,5 ,3 ,8 ,6 ,11 ,5 ,6 ,5 ,2 ,7 ,6 ,12 ,8 ,5 ,13 ,4 ,3 ,3 ,4 ,2 ,2 ,4 ,2 ,2 ,2 ,2 ,2 ,3 ,3 ,5 ,7 ,3 ,2 ,4 ,2 ,3 ,3 ,3 ,2 ,0 ,4 ,1 ,0 ,2 ,1 ,2 ,0 ,3 
Orkney,4,Persons,"3,177 ",23 ,20 ,17 ,20 ,12 ,27 ,28 ,28 ,23 ,39 ,28 ,39 ,37 ,31 ,33 ,34 ,38 ,24 ,25 ,32 ,28 ,24 ,30 ,34 ,24 ,37 ,20 ,35 ,28 ,29 ,23 ,39 ,40 ,40 ,28 ,32 ,30 ,29 ,43 ,18 ,30 ,39 ,41 ,29 ,37 ,38 ,34 ,42 ,55 ,40 ,42 ,51 ,45 ,51 ,59 ,54 ,51 ,53 ,47 ,44 ,55 ,51 ,46 ,58 ,41 ,58 ,48 ,56 ,33 ,58 ,35 ,63 ,34 ,59 ,39 ,39 ,42 ,36 ,42 ,31 ,22 ,29 ,24 ,24 ,11 ,16 ,20 ,9 ,14 ,6 ,27 
Orkney,5,Persons,"4,054 ",23 ,34 ,32 ,34 ,31 ,30 ,37 ,29 ,53 ,59 ,35 ,42 ,65 ,54 ,43 ,53 ,33 ,40 ,31 ,27 ,28 ,33 ,33 ,38 ,33 ,35 ,31 ,35 ,39 ,44 ,41 ,51 ,41 ,50 ,50 ,57 ,42 ,61 ,49 ,40 ,37 ,47 ,30 ,36 ,37 ,35 ,43 ,57 ,57 ,50 ,64 ,43 ,69 ,58 ,62 ,68 ,68 ,67 ,63 ,52 ,64 ,74 ,63 ,57 ,56 ,60 ,55 ,63 ,48 ,42 ,42 ,52 ,48 ,55 ,56 ,41 ,55 ,44 ,52 ,24 ,45 ,38 ,31 ,31 ,28 ,32 ,19 ,13 ,11 ,13 ,83 
Orkney,6,Persons,0 ,0 ,0 ,0 ,0 ,0 ,0 ,0 ,0 ,0 ,0 ,0 ,0 ,0 ,0 ,0 ,0 ,0 ,0 ,0 ,0 ,0 ,0 ,0 ,0 ,0 ,0 ,0 ,0 ,0 ,0 ,0 ,0 ,0 ,0 ,0 ,0 ,0 ,0 ,0 ,0 ,0 ,0 ,0 ,0 ,0 ,0 ,0 ,0 ,0 ,0 ,0 ,0 ,0 ,0 ,0 ,0 ,0 ,0 ,0 ,0 ,0 ,0 ,0 ,0 ,0 ,0 ,0 ,0 ,0 ,0 ,0 ,0 ,0 ,0 ,0 ,0 ,0 ,0 ,0 ,0 ,0 ,0 ,0 ,0 ,0 ,0 ,0 ,0 ,0 ,0 ,0 
Orkney,7,Persons,"8,275 ",85 ,89 ,73 ,95 ,82 ,89 ,79 ,92 ,69 ,76 ,98 ,91 ,77 ,100 ,90 ,86 ,67 ,79 ,85 ,64 ,52 ,76 ,79 ,75 ,88 ,97 ,83 ,99 ,84 ,95 ,130 ,95 ,93 ,98 ,115 ,91 ,78 ,107 ,86 ,96 ,106 ,111 ,95 ,89 ,93 ,97 ,98 ,97 ,98 ,130 ,131 ,124 ,124 ,142 ,125 ,151 ,142 ,130 ,127 ,146 ,111 ,117 ,97 ,122 ,141 ,100 ,100 ,113 ,112 ,115 ,109 ,102 ,111 ,114 ,78 ,71 ,80 ,88 ,85 ,53 ,63 ,48 ,56 ,28 ,36 ,35 ,32 ,29 ,12 ,20 ,58 
Orkney,8,Persons,"5,608 ",42 ,52 ,58 ,47 ,55 ,51 ,44 ,56 ,62 ,55 ,59 ,58 ,60 ,54 ,65 ,54 ,50 ,67 ,59 ,43 ,34 ,50 ,48 ,49 ,48 ,60 ,68 ,57 ,70 ,59 ,42 ,42 ,75 ,79 ,47 ,90 ,62 ,57 ,45 ,64 ,68 ,52 ,54 ,40 ,66 ,66 ,64 ,77 ,83 ,78 ,90 ,95 ,100 ,91 ,109 ,83 ,81 ,107 ,88 ,82 ,103 ,73 ,77 ,88 ,63 ,70 ,74 ,80 ,73 ,85 ,72 ,70 ,73 ,70 ,62 ,61 ,62 ,60 ,48 ,36 ,65 ,42 ,47 ,38 ,30 ,31 ,23 ,16 ,18 ,22 ,65 
Orkney,9,Persons,866 ,6 ,4 ,11 ,14 ,8 ,14 ,10 ,9 ,16 ,17 ,7 ,9 ,11 ,22 ,10 ,14 ,15 ,7 ,7 ,5 ,4 ,4 ,1 ,10 ,6 ,5 ,11 ,1 ,10 ,12 ,5 ,9 ,9 ,4 ,5 ,9 ,5 ,7 ,8 ,14 ,12 ,11 ,12 ,14 ,9 ,16 ,9 ,11 ,5 ,12 ,14 ,10 ,11 ,14 ,18 ,18 ,18 ,17 ,10 ,13 ,15 ,16 ,20 ,12 ,11 ,14 ,7 ,15 ,11 ,9 ,8 ,12 ,12 ,15 ,3 ,13 ,7 ,9 ,8 ,7 ,3 ,5 ,3 ,3 ,8 ,3 ,1 ,0 ,1 ,2 ,4 
Orkney,10,Persons,0 ,0 ,0 ,0 ,0 ,0 ,0 ,0 ,0 ,0 ,0 ,0 ,0 ,0 ,0 ,0 ,0 ,0 ,0 ,0 ,0 ,0 ,0 ,0 ,0 ,0 ,0 ,0 ,0 ,0 ,0 ,0 ,0 ,0 ,0 ,0 ,0 ,0 ,0 ,0 ,0 ,0 ,0 ,0 ,0 ,0 ,0 ,0 ,0 ,0 ,0 ,0 ,0 ,0 ,0 ,0 ,0 ,0 ,0 ,0 ,0 ,0 ,0 ,0 ,0 ,0 ,0 ,0 ,0 ,0 ,0 ,0 ,0 ,0 ,0 ,0 ,0 ,0 ,0 ,0 ,0 ,0 ,0 ,0 ,0 ,0 ,0 ,0 ,0 ,0 ,0 ,0 
Shetland,1,Persons,0 ,0 ,0 ,0 ,0 ,0 ,0 ,0 ,0 ,0 ,0 ,0 ,0 ,0 ,0 ,0 ,0 ,0 ,0 ,0 ,0 ,0 ,0 ,0 ,0 ,0 ,0 ,0 ,0 ,0 ,0 ,0 ,0 ,0 ,0 ,0 ,0 ,0 ,0 ,0 ,0 ,0 ,0 ,0 ,0 ,0 ,0 ,0 ,0 ,0 ,0 ,0 ,0 ,0 ,0 ,0 ,0 ,0 ,0 ,0 ,0 ,0 ,0 ,0 ,0 ,0 ,0 ,0 ,0 ,0 ,0 ,0 ,0 ,0 ,0 ,0 ,0 ,0 ,0 ,0 ,0 ,0 ,0 ,0 ,0 ,0 ,0 ,0 ,0 ,0 ,0 ,0 
Shetland,2,Persons,0 ,0 ,0 ,0 ,0 ,0 ,0 ,0 ,0 ,0 ,0 ,0 ,0 ,0 ,0 ,0 ,0 ,0 ,0 ,0 ,0 ,0 ,0 ,0 ,0 ,0 ,0 ,0 ,0 ,0 ,0 ,0 ,0 ,0 ,0 ,0 ,0 ,0 ,0 ,0 ,0 ,0 ,0 ,0 ,0 ,0 ,0 ,0 ,0 ,0 ,0 ,0 ,0 ,0 ,0 ,0 ,0 ,0 ,0 ,0 ,0 ,0 ,0 ,0 ,0 ,0 ,0 ,0 ,0 ,0 ,0 ,0 ,0 ,0 ,0 ,0 ,0 ,0 ,0 ,0 ,0 ,0 ,0 ,0 ,0 ,0 ,0 ,0 ,0 ,0 ,0 ,0 
Shetland,3,Persons,730 ,3 ,6 ,5 ,3 ,8 ,6 ,4 ,9 ,8 ,5 ,6 ,10 ,13 ,4 ,6 ,9 ,10 ,6 ,8 ,8 ,4 ,6 ,7 ,5 ,12 ,11 ,8 ,8 ,16 ,7 ,22 ,14 ,13 ,13 ,11 ,14 ,8 ,6 ,13 ,15 ,4 ,7 ,15 ,14 ,7 ,10 ,1 ,13 ,12 ,5 ,6 ,11 ,7 ,12 ,6 ,16 ,18 ,6 ,8 ,14 ,7 ,7 ,6 ,4 ,8 ,18 ,9 ,7 ,6 ,4 ,12 ,6 ,16 ,7 ,6 ,6 ,13 ,6 ,7 ,3 ,6 ,2 ,2 ,2 ,5 ,3 ,3 ,3 ,1 ,1 ,2 
Shetland,4,Persons,657 ,7 ,11 ,5 ,4 ,11 ,7 ,6 ,9 ,14 ,7 ,10 ,3 ,7 ,6 ,6 ,10 ,9 ,6 ,7 ,1 ,8 ,5 ,3 ,8 ,9 ,15 ,3 ,9 ,14 ,16 ,11 ,9 ,13 ,8 ,6 ,10 ,8 ,9 ,8 ,3 ,7 ,10 ,3 ,9 ,6 ,8 ,4 ,8 ,7 ,4 ,11 ,7 ,3 ,15 ,11 ,12 ,8 ,5 ,3 ,9 ,11 ,0 ,7 ,7 ,7 ,11 ,4 ,10 ,5 ,6 ,9 ,9 ,5 ,10 ,3 ,13 ,4 ,7 ,2 ,0 ,2 ,7 ,3 ,4 ,2 ,6 ,0 ,4 ,7 ,4 ,17 
Shetland,5,Persons,"2,061 ",16 ,24 ,18 ,22 ,30 ,31 ,16 ,14 ,29 ,19 ,20 ,16 ,20 ,25 ,20 ,20 ,20 ,16 ,17 ,14 ,10 ,16 ,20 ,24 ,30 ,26 ,26 ,38 ,28 ,18 ,26 ,32 ,17 ,17 ,20 ,14 ,16 ,23 ,23 ,23 ,28 ,35 ,18 ,22 ,36 ,21 ,29 ,27 ,28 ,49 ,24 ,24 ,31 ,35 ,28 ,40 ,24 ,36 ,38 ,29 ,35 ,27 ,27 ,18 ,38 ,31 ,30 ,20 ,22 ,21 ,29 ,26 ,25 ,24 ,17 ,27 ,14 ,26 ,23 ,15 ,13 ,12 ,6 ,15 ,11 ,8 ,8 ,2 ,4 ,6 ,25 
Shetland,6,Persons,"6,053 ",45 ,39 ,43 ,46 ,53 ,66 ,51 ,66 ,60 ,74 ,65 ,73 ,59 ,66 ,81 ,60 ,57 ,56 ,52 ,51 ,60 ,70 ,68 ,58 ,58 ,59 ,56 ,51 ,59 ,58 ,57 ,54 ,54 ,92 ,63 ,59 ,91 ,73 ,67 ,86 ,76 ,55 ,58 ,70 ,66 ,59 ,86 ,78 ,93 ,97 ,84 ,96 ,90 ,81 ,91 ,86 ,74 ,114 ,97 ,86 ,101 ,84 ,97 ,100 ,88 ,87 ,73 ,83 ,84 ,83 ,73 ,78 ,80 ,87 ,63 ,64 ,58 ,54 ,51 ,61 ,67 ,40 ,47 ,42 ,29 ,38 ,28 ,26 ,21 ,16 ,57 
Shetland,7,Persons,"8,941 ",81 ,94 ,91 ,112 ,110 ,87 ,108 ,108 ,115 ,121 ,107 ,132 ,98 ,128 ,128 ,111 ,93 ,102 ,77 ,77 ,95 ,95 ,97 ,77 ,78 ,109 ,114 ,97 ,85 ,113 ,95 ,96 ,129 ,117 ,116 ,95 ,85 ,99 ,99 ,110 ,97 ,107 ,92 ,144 ,110 ,123 ,118 ,140 ,120 ,123 ,133 ,110 ,136 ,114 ,152 ,124 ,174 ,126 ,110 ,155 ,98 ,115 ,119 ,110 ,129 ,115 ,115 ,104 ,113 ,111 ,98 ,105 ,94 ,122 ,81 ,60 ,66 ,76 ,81 ,42 ,50 ,52 ,40 ,42 ,38 ,33 ,37 ,23 ,15 ,13 ,55 
Shetland,8,Persons,"4,428 ",41 ,42 ,52 ,62 ,46 ,51 ,55 ,77 ,54 ,64 ,81 ,56 ,47 ,63 ,64 ,57 ,64 ,77 ,51 ,44 ,32 ,40 ,36 ,58 ,56 ,30 ,52 ,33 ,59 ,43 ,61 ,57 ,55 ,66 ,67 ,59 ,41 ,37 ,58 ,59 ,54 ,73 ,51 ,49 ,48 ,69 ,63 ,63 ,70 ,57 ,66 ,64 ,76 ,79 ,67 ,62 ,69 ,74 ,75 ,55 ,44 ,59 ,43 ,45 ,40 ,57 ,46 ,35 ,38 ,47 ,51 ,41 ,38 ,40 ,33 ,41 ,36 ,50 ,26 ,28 ,21 ,20 ,22 ,13 ,14 ,17 ,6 ,8 ,4 ,11 ,23 
Shetland,9,Persons,0 ,0 ,0 ,0 ,0 ,0 ,0 ,0 ,0 ,0 ,0 ,0 ,0 ,0 ,0 ,0 ,0 ,0 ,0 ,0 ,0 ,0 ,0 ,0 ,0 ,0 ,0 ,0 ,0 ,0 ,0 ,0 ,0 ,0 ,0 ,0 ,0 ,0 ,0 ,0 ,0 ,0 ,0 ,0 ,0 ,0 ,0 ,0 ,0 ,0 ,0 ,0 ,0 ,0 ,0 ,0 ,0 ,0 ,0 ,0 ,0 ,0 ,0 ,0 ,0 ,0 ,0 ,0 ,0 ,0 ,0 ,0 ,0 ,0 ,0 ,0 ,0 ,0 ,0 ,0 ,0 ,0 ,0 ,0 ,0 ,0 ,0 ,0 ,0 ,0 ,0 ,0 
Shetland,10,Persons,0 ,0 ,0 ,0 ,0 ,0 ,0 ,0 ,0 ,0 ,0 ,0 ,0 ,0 ,0 ,0 ,0 ,0 ,0 ,0 ,0 ,0 ,0 ,0 ,0 ,0 ,0 ,0 ,0 ,0 ,0 ,0 ,0 ,0 ,0 ,0 ,0 ,0 ,0 ,0 ,0 ,0 ,0 ,0 ,0 ,0 ,0 ,0 ,0 ,0 ,0 ,0 ,0 ,0 ,0 ,0 ,0 ,0 ,0 ,0 ,0 ,0 ,0 ,0 ,0 ,0 ,0 ,0 ,0 ,0 ,0 ,0 ,0 ,0 ,0 ,0 ,0 ,0 ,0 ,0 ,0 ,0 ,0 ,0 ,0 ,0 ,0 ,0 ,0 ,0 ,0 ,0 
Tayside,1,Persons,"38,888 ",490 ,487 ,513 ,558 ,506 ,540 ,492 ,590 ,563 ,503 ,466 ,503 ,485 ,450 ,459 ,466 ,446 ,431 ,402 ,379 ,441 ,500 ,580 ,634 ,641 ,599 ,601 ,748 ,806 ,819 ,841 ,709 ,680 ,756 ,557 ,673 ,580 ,558 ,572 ,518 ,477 ,431 ,410 ,423 ,407 ,375 ,343 ,372 ,405 ,434 ,463 ,454 ,483 ,430 ,503 ,552 ,450 ,478 ,477 ,477 ,431 ,438 ,381 ,424 ,379 ,347 ,322 ,340 ,309 ,290 ,319 ,264 ,274 ,331 ,248 ,218 ,224 ,194 ,183 ,179 ,167 ,158 ,161 ,118 ,139 ,101 ,119 ,70 ,72 ,64 ,238 
Tayside,2,Persons,"32,079 ",337 ,372 ,372 ,398 ,373 ,388 ,354 ,359 ,386 ,372 ,331 ,358 ,316 ,343 ,311 ,315 ,304 ,286 ,320 ,372 ,475 ,509 ,518 ,550 ,557 ,518 ,531 ,620 ,638 ,662 ,626 ,615 ,557 ,550 ,450 ,489 ,465 ,406 ,447 ,474 ,393 ,382 ,351 ,341 ,386 ,299 ,331 ,337 ,390 ,385 ,383 ,422 ,430 ,394 ,360 ,407 ,397 ,406 ,436 ,377 ,387 ,383 ,338 ,342 ,311 ,333 ,263 ,314 ,263 ,261 ,268 ,292 ,268 ,326 ,241 ,206 ,185 ,187 ,167 ,158 ,170 ,147 ,132 ,124 ,104 ,109 ,89 ,85 ,72 ,96 ,227 
Tayside,3,Persons,"40,361 ",417 ,400 ,382 ,390 ,409 ,415 ,441 ,433 ,450 ,502 ,435 ,417 ,413 ,357 ,352 ,415 ,349 ,354 ,352 ,508 ,642 ,660 ,749 ,725 ,680 ,629 ,636 ,685 ,800 ,744 ,743 ,697 ,671 ,659 ,663 ,574 ,566 ,580 ,524 ,543 ,477 ,446 ,451 ,418 ,456 ,409 ,370 ,484 ,436 ,521 ,422 ,459 ,506 ,494 ,518 ,480 ,494 ,504 ,504 ,494 ,483 ,475 ,431 ,446 ,403 ,392 ,406 ,428 ,389 ,372 ,401 ,418 ,425 ,439 ,333 ,284 ,288 ,259 ,253 ,256 ,239 ,237 ,246 ,193 ,202 ,183 ,154 ,119 ,120 ,112 ,271 
Tayside,4,Persons,"32,086 ",315 ,324 ,342 ,331 ,333 ,353 ,354 ,397 ,408 ,373 ,355 ,334 ,356 ,359 ,338 ,331 ,308 ,286 ,341 ,399 ,392 ,420 ,447 ,448 ,464 ,449 ,567 ,507 ,511 ,488 ,421 ,459 ,462 ,459 ,406 ,413 ,493 ,437 ,417 ,434 ,397 ,388 ,357 ,325 ,330 ,340 ,378 ,375 ,382 ,430 ,443 ,425 ,388 ,415 ,456 ,438 ,421 ,432 ,437 ,418 ,408 ,436 ,404 ,360 ,351 ,352 ,389 ,364 ,315 ,314 ,310 ,323 ,315 ,400 ,252 ,255 ,246 ,245 ,226 ,198 ,217 ,165 ,186 ,147 ,125 ,120 ,110 ,91 ,92 ,73 ,291 
Tayside,5,Persons,"34,610 ",258 ,290 ,286 ,282 ,330 ,324 ,328 ,341 ,326 ,329 ,356 ,326 ,348 ,297 ,307 ,341 ,348 ,343 ,380 ,469 ,432 ,390 ,378 ,402 ,401 ,417 ,383 ,424 ,446 ,468 ,434 ,394 ,430 ,377 ,400 ,337 ,396 ,417 ,369 ,356 ,418 ,354 ,360 ,348 ,329 ,346 ,382 ,423 ,510 ,434 ,467 ,524 ,476 ,485 ,543 ,572 ,536 ,547 ,554 ,491 ,511 ,544 ,547 ,495 ,464 ,451 ,392 ,446 ,413 ,451 ,423 ,418 ,456 ,529 ,344 ,341 ,312 ,340 ,294 ,251 ,300 ,267 ,256 ,230 ,206 ,203 ,154 ,143 ,122 ,105 ,443 
Tayside,6,Persons,"48,534 ",349 ,370 ,356 ,417 ,440 ,455 ,425 ,428 ,453 ,473 ,428 ,502 ,505 ,422 ,454 ,457 ,432 ,454 ,590 ,914 ,937 ,792 ,772 ,665 ,680 ,603 ,604 ,530 ,568 ,628 ,506 ,521 ,544 ,494 ,546 ,609 ,521 ,498 ,618 ,559 ,529 ,513 ,428 ,455 ,488 ,501 ,494 ,510 ,617 ,641 ,663 ,702 ,654 ,740 ,725 ,748 ,743 ,854 ,729 ,728 ,723 ,745 ,712 ,670 ,626 ,595 ,620 ,648 ,592 ,615 ,649 ,629 ,616 ,657 ,497 ,434 ,434 ,430 ,400 ,331 ,357 ,319 ,317 ,262 ,229 ,216 ,216 ,199 ,155 ,151 ,509 
Tayside,7,Persons,"61,196 ",418 ,427 ,473 ,514 ,505 ,532 ,543 ,608 ,587 ,562 ,580 ,568 ,637 ,612 ,608 ,643 ,580 ,722 ,593 ,641 ,704 ,766 ,759 ,752 ,662 ,573 ,747 ,709 ,646 ,719 ,627 ,592 ,729 ,702 ,684 ,725 ,685 ,696 ,676 ,650 ,647 ,645 ,606 ,596 ,682 ,565 ,673 ,796 ,815 ,856 ,801 ,944 ,911 ,987 ,"1,000 ","1,023 ","1,071 ","1,024 ",989 ,974 ,927 ,936 ,913 ,872 ,878 ,804 ,788 ,843 ,811 ,776 ,794 ,823 ,802 ,892 ,667 ,640 ,636 ,576 ,518 ,452 ,468 ,443 ,427 ,414 ,309 ,322 ,290 ,232 ,256 ,178 ,748 
Tayside,8,Persons,"52,252 ",444 ,446 ,428 ,438 ,474 ,492 ,488 ,482 ,580 ,562 ,521 ,612 ,569 ,599 ,541 ,591 ,606 ,616 ,481 ,437 ,525 ,545 ,556 ,562 ,580 ,537 ,596 ,599 ,596 ,643 ,526 ,564 ,566 ,558 ,633 ,585 ,622 ,582 ,616 ,627 ,580 ,608 ,544 ,548 ,561 ,600 ,658 ,705 ,714 ,739 ,746 ,738 ,816 ,824 ,814 ,836 ,814 ,793 ,787 ,759 ,770 ,754 ,769 ,759 ,689 ,677 ,708 ,688 ,613 ,626 ,692 ,650 ,660 ,721 ,568 ,498 ,517 ,471 ,454 ,377 ,391 ,378 ,328 ,317 ,265 ,277 ,253 ,174 ,224 ,184 ,591 
Tayside,9,Persons,"50,805 ",353 ,367 ,431 ,421 ,469 ,496 ,518 ,519 ,543 ,545 ,570 ,595 ,565 ,579 ,508 ,529 ,579 ,501 ,576 ,563 ,497 ,471 ,465 ,519 ,481 ,506 ,486 ,484 ,525 ,519 ,508 ,507 ,507 ,535 ,503 ,551 ,572 ,592 ,656 ,617 ,596 ,586 ,547 ,575 ,551 ,601 ,592 ,613 ,665 ,687 ,671 ,751 ,730 ,727 ,755 ,765 ,802 ,817 ,813 ,791 ,726 ,682 ,720 ,725 ,673 ,679 ,646 ,677 ,636 ,677 ,665 ,701 ,786 ,803 ,558 ,526 ,507 ,490 ,458 ,385 ,411 ,397 ,351 ,340 ,323 ,302 ,248 ,211 ,204 ,188 ,747 
Tayside,10,Persons,"25,739 ",142 ,176 ,187 ,207 ,237 ,239 ,257 ,252 ,262 ,299 ,302 ,327 ,294 ,295 ,243 ,309 ,309 ,267 ,291 ,314 ,245 ,247 ,244 ,269 ,251 ,209 ,227 ,221 ,277 ,246 ,217 ,227 ,247 ,233 ,248 ,243 ,251 ,244 ,270 ,282 ,256 ,298 ,269 ,263 ,327 ,284 ,318 ,311 ,341 ,353 ,352 ,361 ,381 ,384 ,389 ,453 ,413 ,420 ,405 ,417 ,347 ,343 ,395 ,372 ,352 ,319 ,335 ,368 ,300 ,318 ,319 ,374 ,445 ,460 ,304 ,323 ,328 ,293 ,221 ,217 ,212 ,250 ,178 ,153 ,197 ,158 ,144 ,101 ,113 ,92 ,306 
Western Isles,1,Persons,0 ,0 ,0 ,0 ,0 ,0 ,0 ,0 ,0 ,0 ,0 ,0 ,0 ,0 ,0 ,0 ,0 ,0 ,0 ,0 ,0 ,0 ,0 ,0 ,0 ,0 ,0 ,0 ,0 ,0 ,0 ,0 ,0 ,0 ,0 ,0 ,0 ,0 ,0 ,0 ,0 ,0 ,0 ,0 ,0 ,0 ,0 ,0 ,0 ,0 ,0 ,0 ,0 ,0 ,0 ,0 ,0 ,0 ,0 ,0 ,0 ,0 ,0 ,0 ,0 ,0 ,0 ,0 ,0 ,0 ,0 ,0 ,0 ,0 ,0 ,0 ,0 ,0 ,0 ,0 ,0 ,0 ,0 ,0 ,0 ,0 ,0 ,0 ,0 ,0 ,0 ,0 
Western Isles,2,Persons,0 ,0 ,0 ,0 ,0 ,0 ,0 ,0 ,0 ,0 ,0 ,0 ,0 ,0 ,0 ,0 ,0 ,0 ,0 ,0 ,0 ,0 ,0 ,0 ,0 ,0 ,0 ,0 ,0 ,0 ,0 ,0 ,0 ,0 ,0 ,0 ,0 ,0 ,0 ,0 ,0 ,0 ,0 ,0 ,0 ,0 ,0 ,0 ,0 ,0 ,0 ,0 ,0 ,0 ,0 ,0 ,0 ,0 ,0 ,0 ,0 ,0 ,0 ,0 ,0 ,0 ,0 ,0 ,0 ,0 ,0 ,0 ,0 ,0 ,0 ,0 ,0 ,0 ,0 ,0 ,0 ,0 ,0 ,0 ,0 ,0 ,0 ,0 ,0 ,0 ,0 ,0 
Western Isles,3,Persons,"1,412 ",10 ,14 ,14 ,14 ,13 ,16 ,13 ,15 ,22 ,15 ,24 ,9 ,14 ,11 ,10 ,9 ,15 ,12 ,15 ,16 ,13 ,10 ,12 ,11 ,16 ,10 ,21 ,10 ,19 ,16 ,10 ,27 ,24 ,24 ,14 ,21 ,19 ,16 ,15 ,20 ,16 ,12 ,10 ,23 ,10 ,23 ,23 ,26 ,23 ,19 ,24 ,18 ,20 ,17 ,19 ,20 ,17 ,16 ,28 ,27 ,21 ,31 ,17 ,9 ,26 ,12 ,15 ,9 ,21 ,10 ,17 ,19 ,8 ,13 ,20 ,11 ,12 ,13 ,9 ,14 ,11 ,18 ,13 ,9 ,7 ,1 ,7 ,13 ,7 ,2 ,17 
Western Isles,4,Persons,"2,486 ",18 ,20 ,19 ,19 ,23 ,15 ,16 ,16 ,13 ,22 ,47 ,20 ,31 ,24 ,33 ,21 ,35 ,27 ,26 ,22 ,16 ,23 ,15 ,7 ,16 ,21 ,17 ,11 ,20 ,9 ,20 ,21 ,23 ,26 ,17 ,20 ,20 ,19 ,15 ,21 ,30 ,34 ,23 ,25 ,29 ,21 ,23 ,34 ,45 ,36 ,21 ,39 ,49 ,41 ,61 ,46 ,34 ,50 ,56 ,36 ,30 ,49 ,37 ,57 ,38 ,43 ,39 ,47 ,46 ,40 ,47 ,37 ,38 ,47 ,32 ,28 ,35 ,24 ,27 ,19 ,24 ,20 ,19 ,8 ,13 ,12 ,13 ,10 ,5 ,16 ,29 
Western Isles,5,Persons,"10,094 ",76 ,63 ,71 ,104 ,76 ,72 ,97 ,87 ,94 ,84 ,87 ,103 ,96 ,115 ,98 ,79 ,107 ,92 ,72 ,84 ,70 ,75 ,66 ,101 ,85 ,86 ,104 ,69 ,90 ,80 ,78 ,93 ,94 ,101 ,91 ,80 ,94 ,119 ,102 ,85 ,102 ,124 ,87 ,108 ,121 ,113 ,118 ,142 ,140 ,159 ,147 ,174 ,180 ,175 ,163 ,177 ,174 ,182 ,204 ,139 ,184 ,167 ,175 ,168 ,144 ,181 ,146 ,138 ,142 ,151 ,163 ,154 ,153 ,171 ,124 ,110 ,104 ,117 ,91 ,96 ,112 ,101 ,90 ,83 ,62 ,51 ,54 ,60 ,33 ,29 ,91 
Western Isles,6,Persons,"12,508 ",100 ,90 ,116 ,117 ,129 ,119 ,140 ,142 ,157 ,140 ,115 ,156 ,151 ,162 ,158 ,161 ,149 ,147 ,112 ,97 ,83 ,112 ,93 ,109 ,126 ,99 ,135 ,114 ,108 ,79 ,124 ,120 ,128 ,142 ,118 ,125 ,131 ,101 ,165 ,149 ,142 ,160 ,156 ,169 ,158 ,172 ,156 ,151 ,172 ,185 ,193 ,196 ,197 ,195 ,161 ,183 ,203 ,173 ,184 ,207 ,163 ,186 ,149 ,163 ,175 ,173 ,173 ,189 ,172 ,151 ,169 ,162 ,168 ,176 ,139 ,103 ,128 ,127 ,106 ,109 ,102 ,95 ,93 ,72 ,62 ,74 ,60 ,41 ,51 ,43 ,202 
Western Isles,7,Persons,0 ,0 ,0 ,0 ,0 ,0 ,0 ,0 ,0 ,0 ,0 ,0 ,0 ,0 ,0 ,0 ,0 ,0 ,0 ,0 ,0 ,0 ,0 ,0 ,0 ,0 ,0 ,0 ,0 ,0 ,0 ,0 ,0 ,0 ,0 ,0 ,0 ,0 ,0 ,0 ,0 ,0 ,0 ,0 ,0 ,0 ,0 ,0 ,0 ,0 ,0 ,0 ,0 ,0 ,0 ,0 ,0 ,0 ,0 ,0 ,0 ,0 ,0 ,0 ,0 ,0 ,0 ,0 ,0 ,0 ,0 ,0 ,0 ,0 ,0 ,0 ,0 ,0 ,0 ,0 ,0 ,0 ,0 ,0 ,0 ,0 ,0 ,0 ,0 ,0 ,0 ,0 
Western Isles,8,Persons,0 ,0 ,0 ,0 ,0 ,0 ,0 ,0 ,0 ,0 ,0 ,0 ,0 ,0 ,0 ,0 ,0 ,0 ,0 ,0 ,0 ,0 ,0 ,0 ,0 ,0 ,0 ,0 ,0 ,0 ,0 ,0 ,0 ,0 ,0 ,0 ,0 ,0 ,0 ,0 ,0 ,0 ,0 ,0 ,0 ,0 ,0 ,0 ,0 ,0 ,0 ,0 ,0 ,0 ,0 ,0 ,0 ,0 ,0 ,0 ,0 ,0 ,0 ,0 ,0 ,0 ,0 ,0 ,0 ,0 ,0 ,0 ,0 ,0 ,0 ,0 ,0 ,0 ,0 ,0 ,0 ,0 ,0 ,0 ,0 ,0 ,0 ,0 ,0 ,0 ,0 ,0 
Western Isles,9,Persons,0 ,0 ,0 ,0 ,0 ,0 ,0 ,0 ,0 ,0 ,0 ,0 ,0 ,0 ,0 ,0 ,0 ,0 ,0 ,0 ,0 ,0 ,0 ,0 ,0 ,0 ,0 ,0 ,0 ,0 ,0 ,0 ,0 ,0 ,0 ,0 ,0 ,0 ,0 ,0 ,0 ,0 ,0 ,0 ,0 ,0 ,0 ,0 ,0 ,0 ,0 ,0 ,0 ,0 ,0 ,0 ,0 ,0 ,0 ,0 ,0 ,0 ,0 ,0 ,0 ,0 ,0 ,0 ,0 ,0 ,0 ,0 ,0 ,0 ,0 ,0 ,0 ,0 ,0 ,0 ,0 ,0 ,0 ,0 ,0 ,0 ,0 ,0 ,0 ,0 ,0 ,0 
Western Isles,10,Persons,0 ,0 ,0 ,0 ,0 ,0 ,0 ,0 ,0 ,0 ,0 ,0 ,0 ,0 ,0 ,0 ,0 ,0 ,0 ,0 ,0 ,0 ,0 ,0 ,0 ,0 ,0 ,0 ,0 ,0 ,0 ,0 ,0 ,0 ,0 ,0 ,0 ,0 ,0 ,0 ,0 ,0 ,0 ,0 ,0 ,0 ,0 ,0 ,0 ,0 ,0 ,0 ,0 ,0 ,0 ,0 ,0 ,0 ,0 ,0 ,0 ,0 ,0 ,0 ,0 ,0 ,0 ,0 ,0 ,0 ,0 ,0 ,0 ,0 ,0 ,0 ,0 ,0 ,0 ,0 ,0 ,0 ,0 ,0 ,0 ,0 ,0 ,0 ,0 ,0 ,0 ,0 
